train/epsilon,train/grad_norm,episode/goal_reward,train/learning_rate,train/loss,episode/actions_up,train/buffer_size,episode/clipped_reward,_step,train/episode,episode/tracking_reward,_runtime,_timestamp,episode/actions_down,episode/total_reward,episode/actions_neutral,episode/action_all,run_id,run_name,group
0.9998044266666667,0.1799795976989357,,0.0003,0.03883964195847511,,3082,,3092.0,1,,56.058477093,1787933109.2045062,,,,,vqm4avvj,earthy-sweep-4,d5_full_hard_pred
0.9997717466666667,0.5004639454328204,,0.0003,0.09413480758666992,,3596,,3608.0,2,,69.686940412,1787933122.8425436,,,,,vqm4avvj,earthy-sweep-4,d5_full_hard_pred
0.99850964,0.010236277754144657,,0.0003,0.017161067575216293,,23476,,23536.0,26,,584.858398902,1787933638.01594,,,,,vqm4avvj,earthy-sweep-4,d5_full_hard_pred
0.9978043600000001,0.02794140906325141,,0.0003,0.03155119717121124,,30000,,34672.0,39,,868.820103192,1787933921.9790697,,,,,vqm4avvj,earthy-sweep-4,d5_full_hard_pred
0.99709832,0.019975638444840252,,0.0003,0.049880772829055786,,30000,,45820.0,52,,1155.194515096,1787934208.3368802,,,,,vqm4avvj,earthy-sweep-4,d5_full_hard_pred
0.99663396,0.020217670968648176,,0.0003,0.051288507878780365,,30000,,53152.0,60,,1342.857712683,1787934396.0192847,,,,,vqm4avvj,earthy-sweep-4,d5_full_hard_pred
0.9961070266666666,0.028217546422384453,,0.0003,0.04599156975746155,,30000,,61472.0,71,,1556.882300301,1787934610.040831,,,,,vqm4avvj,earthy-sweep-4,d5_full_hard_pred
0.99386376,0.07220479562157874,,0.0003,0.0635933205485344,,30000,,96892.0,112,,2461.990788735,1787935515.1648257,,,,,vqm4avvj,earthy-sweep-4,d5_full_hard_pred
0.9914806533333334,0.01960386892720169,,0.0003,0.02890237234532833,,30000,,134520.0,156,,3433.982996532,1787936487.1539092,,,,,vqm4avvj,earthy-sweep-4,d5_full_hard_pred
0.9913094,0.0404895807964553,,0.0003,0.04871963709592819,,30000,,137224.0,160,,3502.360437265,1787936555.5171103,,,,,vqm4avvj,earthy-sweep-4,d5_full_hard_pred
0.9885789733333333,0.02630239876101075,,0.0003,0.04003853723406792,,30000,,180336.0,210,,4597.764264645,1787937650.9375105,,,,,vqm4avvj,earthy-sweep-4,d5_full_hard_pred
0.9879572933333334,0.021232409961149643,,0.0003,0.04955729469656944,,30000,,190152.0,222,,4846.684574962,1787937899.8481374,,,,,vqm4avvj,earthy-sweep-4,d5_full_hard_pred
0.9868421199999999,0.035593282511026905,,0.0003,0.042671822011470795,,30000,,207760.0,244,,5294.023100007,1787938347.1879034,,,,,vqm4avvj,earthy-sweep-4,d5_full_hard_pred
0.9861249333333333,0.028719516873208183,,0.0003,0.05758608877658844,,30000,,219084.0,257,,5582.268218396,1787938635.4273925,,,,,vqm4avvj,earthy-sweep-4,d5_full_hard_pred
0.9857915466666666,0.02797759467015688,,0.0003,0.049538083374500275,,30000,,224348.0,264,,5715.78882039,1787938768.943999,,,,,vqm4avvj,earthy-sweep-4,d5_full_hard_pred
0.9846604133333334,0.0231769748856547,,0.0003,0.04007939249277115,,30000,,242208.0,283,,6180.494875383,1787939233.658851,,,,,vqm4avvj,earthy-sweep-4,d5_full_hard_pred
0.9843642666666668,0.0333857323147721,,0.0003,0.04897011071443558,,30000,,246884.0,289,,6300.366266087,1787939353.5442648,,,,,vqm4avvj,earthy-sweep-4,d5_full_hard_pred
0.98427712,0.03643661926276136,,0.0003,0.04600384831428528,,30000,,248260.0,291,,6335.585983673,1787939388.7432947,,,,,vqm4avvj,earthy-sweep-4,d5_full_hard_pred
0.98387204,0.04420384741496793,,0.0003,0.05211345851421356,,30000,,254656.0,298,,6503.35330401,1787939556.5183363,,,,,vqm4avvj,earthy-sweep-4,d5_full_hard_pred
0.9828326133333334,0.10154800551360593,,0.0003,0.061895281076431274,,30000,,271068.0,316,,6918.84570407,1787939972.0347214,,,,,vqm4avvj,earthy-sweep-4,d5_full_hard_pred
0.98183296,0.07169858700668658,,0.0003,0.03778000548481941,,30000,,286852.0,337,,7315.875416703,1787940369.0285418,,,,,vqm4avvj,earthy-sweep-4,d5_full_hard_pred
0.98012296,0.06453719677729254,,0.0003,0.041578248143196106,,30000,,313852.0,367,,8002.645081409,1787941055.8055282,,,,,vqm4avvj,earthy-sweep-4,d5_full_hard_pred
0.9792760666666667,0.01980591893847231,,0.0003,0.04523002356290817,,30000,,327224.0,383,,8342.31275787,1787941395.4814456,,,,,vqm4avvj,earthy-sweep-4,d5_full_hard_pred
0.97698112,0.08414172521025935,,0.0003,0.055817779153585434,,30000,,363460.0,426,,9260.647111852,1787942313.8001542,,,,,vqm4avvj,earthy-sweep-4,d5_full_hard_pred
0.9766482400000001,0.025331034172513173,,0.0003,0.045761965215206146,,30000,,368716.0,433,,9394.911097978,1787942448.0823374,,,,,vqm4avvj,earthy-sweep-4,d5_full_hard_pred
0.9749957466666667,0.027149686162695863,,0.0003,0.05146437883377075,,30000,,394808.0,464,,10057.618830534,1787943110.7810013,,,,,vqm4avvj,earthy-sweep-4,d5_full_hard_pred
0.9741176933333333,0.02468920959290379,,0.0003,0.05233386158943176,,30000,,408672.0,481,,10410.447849987,1787943463.6004689,,,,,vqm4avvj,earthy-sweep-4,d5_full_hard_pred
0.97355732,0.030170103643075187,,0.0003,0.04223186522722244,,30000,,417520.0,490,,10634.240181273,1787943687.3588464,,,,,vqm4avvj,earthy-sweep-4,d5_full_hard_pred
0.9698695466666666,0.029006884814713477,,0.0003,0.05358375608921051,,30000,,475748.0,559,,12115.945308399,1787945169.1074862,,,,,vqm4avvj,earthy-sweep-4,d5_full_hard_pred
0.9691548933333334,0.12999052506117326,,0.0003,0.06310965120792389,,30000,,487032.0,572,,12402.932245683,1787945456.0979288,,,,,vqm4avvj,earthy-sweep-4,d5_full_hard_pred
0.9669584933333334,0.046436380938483825,,0.0003,0.03569707274436951,,30000,,521712.0,612,,13282.173215626,1787946335.3284147,,,,,vqm4avvj,earthy-sweep-4,d5_full_hard_pred
0.9668865466666667,0.11848394866273569,,0.0003,0.04352758079767227,,30000,,522848.0,613,,13310.995359417,1787946364.1140654,,,,,vqm4avvj,earthy-sweep-4,d5_full_hard_pred
0.9660371200000001,0.05346752134653203,,0.0003,0.05466190725564957,,30000,,536260.0,629,,13651.387157223,1787946704.5514765,,,,,vqm4avvj,earthy-sweep-4,d5_full_hard_pred
0.9659737866666667,0.012761657941187029,,0.0003,0.04685574769973755,,30000,,537260.0,630,,13676.81332291,1787946729.9742515,,,,,vqm4avvj,earthy-sweep-4,d5_full_hard_pred
0.9653498266666667,0.012961986059653532,,0.0003,0.04888821020722389,,30000,,547112.0,642,,13927.109176263,1787946980.2207873,,,,,vqm4avvj,earthy-sweep-4,d5_full_hard_pred
0.9636215866666666,0.10104173453233455,,0.0003,0.054529547691345215,,30000,,574400.0,674,,14622.921846251,1787947676.0877652,,,,,vqm4avvj,earthy-sweep-4,d5_full_hard_pred
0.9626300400000001,0.02669381306173738,,0.0003,0.05139937624335289,,30000,,590056.0,693,,15021.680940519,1787948074.8556848,,,,,vqm4avvj,earthy-sweep-4,d5_full_hard_pred
0.9624291466666667,0.022127195918738428,,0.0003,0.05142442137002945,,30000,,593228.0,697,,15102.451750411,1787948155.616151,,,,,vqm4avvj,earthy-sweep-4,d5_full_hard_pred
0.96170436,0.017843635331254815,,0.0003,0.0473053865134716,,30000,,604672.0,710,,15393.386319473,1787948446.5661302,,,,,vqm4avvj,earthy-sweep-4,d5_full_hard_pred
0.9615705999999999,0.053992501241462536,,0.0003,0.04685105010867119,,30000,,606784.0,713,,15447.074242471,1787948500.237128,,,,,vqm4avvj,earthy-sweep-4,d5_full_hard_pred
0.9573754,0.13832725376999574,,0.0003,0.049615658819675446,,30000,,673024.0,791,,17129.71670183,1787950182.8725455,,,,,vqm4avvj,earthy-sweep-4,d5_full_hard_pred
0.95615028,0.030719419090875586,,0.0003,0.047158680856227875,,30000,,692368.0,815,,17623.01480569,1787950676.188039,,,,,vqm4avvj,earthy-sweep-4,d5_full_hard_pred
0.9559957466666666,0.16883081695640537,,0.0003,0.03581954911351204,,30000,,694808.0,816,,17685.13174898,1787950738.2396302,,,,,vqm4avvj,earthy-sweep-4,d5_full_hard_pred
0.9559177200000001,0.054264952557138146,,0.0003,0.051580507308244705,,30000,,696040.0,819,,17716.837707825,1787950769.9955995,,,,,vqm4avvj,earthy-sweep-4,d5_full_hard_pred
0.9553021199999999,0.06356879246200123,,0.0003,0.05401940643787384,,30000,,705760.0,831,,17964.033964377,1787951017.200559,,,,,vqm4avvj,earthy-sweep-4,d5_full_hard_pred
0.9552441066666667,0.043427416112189726,,0.0003,0.048850759863853455,,30000,,706676.0,831,,17987.076547584,1787951040.2400773,,,,,vqm4avvj,earthy-sweep-4,d5_full_hard_pred
0.9535918666666666,0.07951483587524835,,0.0003,0.0467325821518898,,30000,,732764.0,863,,18652.190490233,1787951705.355441,,,,,vqm4avvj,earthy-sweep-4,d5_full_hard_pred
0.9521471066666667,0.05550981117046134,,0.0003,0.04761862754821777,,30000,,755576.0,890,,19234.73536647,1787952287.9098306,,,,,vqm4avvj,earthy-sweep-4,d5_full_hard_pred
0.9478412,0.020802557489912908,,0.0003,0.05194900184869766,,30000,,823564.0,969,,20967.272307923,1787954020.4331653,,,,,vqm4avvj,earthy-sweep-4,d5_full_hard_pred
0.9474414400000001,0.07094075385185285,,0.0003,0.044414177536964417,,30000,,829876.0,977,,21127.494909339,1787954180.6490667,,,,,vqm4avvj,earthy-sweep-4,d5_full_hard_pred
0.9470383866666666,0.04934603134959983,,0.0003,0.05031149089336395,,30000,,836240.0,984,,21290.26329698,1787954343.4225187,,,,,vqm4avvj,earthy-sweep-4,d5_full_hard_pred
0.9468027866666666,0.013651522264773876,,0.0003,0.04959540814161301,,30000,,839960.0,989,,21385.049292364,1787954438.2088377,,,,,vqm4avvj,earthy-sweep-4,d5_full_hard_pred
0.9467480666666667,0.06423238023732125,,0.0003,0.05530436336994171,,30000,,840824.0,990,,21407.282040581,1787954460.4394653,,,,,vqm4avvj,earthy-sweep-4,d5_full_hard_pred
0.94400396,0.017005278839451923,,0.0003,0.05316254496574402,,30000,,884152.0,1041,,22511.764197238,1787955564.9247756,,,,,vqm4avvj,earthy-sweep-4,d5_full_hard_pred
0.94312996,0.07821946731538093,,0.0003,0.05282603204250336,,30000,,897952.0,1057,,22863.246931154,1787955916.4163327,,,,,vqm4avvj,earthy-sweep-4,d5_full_hard_pred
0.94242696,0.10330852954508085,,0.0003,0.055508505553007126,,30000,,909052.0,1069,,23145.399724895,1787956198.528216,,,,,vqm4avvj,earthy-sweep-4,d5_full_hard_pred
0.9423666666666667,0.031451939514050994,,0.0003,0.05649863928556442,,30000,,910004.0,1070,,23169.248393786,1787956222.4139018,,,,,vqm4avvj,earthy-sweep-4,d5_full_hard_pred
0.9395027333333333,0.059286766062009624,,0.0003,0.04395033419132233,,30000,,955224.0,1125,,24324.265790841,1787957377.426998,,,,,vqm4avvj,earthy-sweep-4,d5_full_hard_pred
0.9384964933333334,0.008016381377826818,,0.0003,0.047449588775634766,,30000,,971112.0,1142,,24728.478210347,1787957781.6430173,,,,,vqm4avvj,earthy-sweep-4,d5_full_hard_pred
0.93760552,0.05924591804306986,,0.0003,0.05408933758735657,,30000,,985180.0,1158,,25087.493716947,1787958140.6693933,,,,,vqm4avvj,earthy-sweep-4,d5_full_hard_pred
0.9359213599999999,0.056543553033747085,,0.0003,0.048843689262866974,,30000,,1011772.0,1191,,25762.074257423,1787958815.2362177,,,,,vqm4avvj,earthy-sweep-4,d5_full_hard_pred
0.9352687733333334,0.051197027747612686,,0.0003,0.05662886053323746,,30000,,1022076.0,1203,,26024.797008817,1787959077.9541235,,,,,vqm4avvj,earthy-sweep-4,d5_full_hard_pred
0.93502684,0.020018474389245196,,0.0003,0.04813464730978012,,30000,,1025896.0,1208,,26122.739799845,1787959175.900268,,,,,vqm4avvj,earthy-sweep-4,d5_full_hard_pred
0.9341194,0.11473306988407155,,0.0003,0.057047270238399506,,30000,,1040224.0,1225,,26487.609733525,1787959540.7752955,,,,,vqm4avvj,earthy-sweep-4,d5_full_hard_pred
0.93262144,0.05402605758704158,,0.0003,0.05017272010445595,,30000,,1063876.0,1253,,27087.50758463,1787960140.6682084,,,,,vqm4avvj,earthy-sweep-4,d5_full_hard_pred
0.9320066,0.031969544286583315,,0.0003,0.05292762443423271,,30000,,1073584.0,1265,,27333.558014861,1787960386.7249408,,,,,vqm4avvj,earthy-sweep-4,d5_full_hard_pred
0.93142216,0.01523095493424103,,0.0003,0.05754206329584122,,30000,,1082812.0,1275,,27568.249984705,1787960621.410308,,,,,vqm4avvj,earthy-sweep-4,d5_full_hard_pred
0.93087344,0.08299607686020112,,0.0003,0.060415901243686676,,30000,,1091476.0,1285,,27788.202348925,1787960841.3697307,,,,,vqm4avvj,earthy-sweep-4,d5_full_hard_pred
0.9295680133333334,0.08342716776544044,,0.0003,0.04030860215425491,,30000,,1112088.0,1308,,28312.27175747,1787961365.4354222,,,,,vqm4avvj,earthy-sweep-4,d5_full_hard_pred
0.9277146266666667,0.048985453420234,,0.0003,0.055458396673202515,,30000,,1141352.0,1344,,29052.539859026,1787962105.70546,,,,,vqm4avvj,earthy-sweep-4,d5_full_hard_pred
0.9270455733333334,0.12108910839674927,,0.0003,0.035904690623283386,,30000,,1151916.0,1356,,29320.419280265,1787962373.5818338,,,,,vqm4avvj,earthy-sweep-4,d5_full_hard_pred
0.92461028,0.02215549900029464,,0.0003,0.056392282247543335,,30000,,1190368.0,1400,,30292.340211494,1787963345.5021029,,,,,vqm4avvj,earthy-sweep-4,d5_full_hard_pred
0.9233347466666667,0.016815304087203643,,0.0003,0.05015714839100838,,30000,,1210508.0,1424,,30803.558411965,1787963856.7224858,,,,,vqm4avvj,earthy-sweep-4,d5_full_hard_pred
0.9215011200000001,0.0713995584580148,,0.0003,0.04636203497648239,,30000,,1239460.0,1459,,31536.35407643,1787964589.5156503,,,,,vqm4avvj,earthy-sweep-4,d5_full_hard_pred
0.9194964933333334,0.05388700008346089,,0.0003,0.047007132321596146,,30000,,1271112.0,1496,,32340.652005669,1787965393.8212943,,,,,vqm4avvj,earthy-sweep-4,d5_full_hard_pred
0.9192928133333333,0.05070773106537311,,0.0003,0.040439408272504807,,30000,,1274328.0,1500,,32422.052748514,1787965475.2157187,,,,,vqm4avvj,earthy-sweep-4,d5_full_hard_pred
0.9174123200000001,0.12379560975175012,,0.0003,0.0405045822262764,,30000,,1304020.0,1535,,33170.923479528,1787966224.0779026,,,,,vqm4avvj,earthy-sweep-4,d5_full_hard_pred
0.91697456,0.04120768015297245,,0.0003,0.052671510726213455,,30000,,1310932.0,1543,,33346.872966542,1787966400.0471246,,,,,vqm4avvj,earthy-sweep-4,d5_full_hard_pred
0.91691832,0.04600566555961101,,0.0003,0.042532779276371,,30000,,1311820.0,1543,,33369.13385979,1787966422.2973142,,,,,vqm4avvj,earthy-sweep-4,d5_full_hard_pred
0.9121452666666666,0.10212441331413341,,0.0003,0.056139055639505386,,30000,,1387184.0,1634,,35271.285067521,1787968324.4459994,,,,,vqm4avvj,earthy-sweep-4,d5_full_hard_pred
0.9067257066666666,0.023756765025736846,,0.0003,0.051813628524541855,,30000,,1472756.0,1735,,37435.980977426,1787970489.143231,,,,,vqm4avvj,earthy-sweep-4,d5_full_hard_pred
0.90638928,0.05946941608651766,,0.0003,0.045049093663692474,,30000,,1478068.0,1742,,37570.517996831,1787970623.6770217,,,,,vqm4avvj,earthy-sweep-4,d5_full_hard_pred
0.9037100266666667,0.06152850938945465,,0.0003,0.05717766657471657,,30000,,1520372.0,1791,,38636.362032676,1787971689.5282931,,,,,vqm4avvj,earthy-sweep-4,d5_full_hard_pred
0.9004438,0.06736457016976866,,0.0003,0.06291082501411438,,30000,,1571944.0,1853,,39938.265295534,1787972991.3799772,,,,,vqm4avvj,earthy-sweep-4,d5_full_hard_pred
0.8996645466666666,0.027880539952398052,,0.0003,0.04537997022271156,,30000,,1584248.0,1868,,40249.883905106,1787973303.0610764,,,,,vqm4avvj,earthy-sweep-4,d5_full_hard_pred
0.8993620666666667,0.03823740037594006,,0.0003,0.05363975465297699,,30000,,1589024.0,1874,,40370.11765696,1787973423.2785006,,,,,vqm4avvj,earthy-sweep-4,d5_full_hard_pred
0.8984652666666667,0.09449037056750456,,0.0003,0.04245592653751373,,30000,,1603184.0,1890,,40728.640582427,1787973781.8048973,,,,,vqm4avvj,earthy-sweep-4,d5_full_hard_pred
0.8971912533333333,0.06098119702383542,,0.0003,0.04801687225699425,,30000,,1623300.0,1915,,41235.361911384,1787974288.524763,,,,,vqm4avvj,earthy-sweep-4,d5_full_hard_pred
0.8967616,0.09285429469516655,,0.0003,0.04920833930373192,,30000,,1630084.0,1923,,41405.998708238,1787974459.16506,,,,,vqm4avvj,earthy-sweep-4,d5_full_hard_pred
0.8954379333333333,0.038644208827670536,,0.0003,0.04756031185388565,,30000,,1650984.0,1947,,41932.549864626,1787974985.7178364,,,,,vqm4avvj,earthy-sweep-4,d5_full_hard_pred
0.8950521066666667,0.10148263486803441,,0.0003,0.05656438320875168,,30000,,1657076.0,1955,,42085.47052641,1787975138.623863,,,,,vqm4avvj,earthy-sweep-4,d5_full_hard_pred
0.89419964,0.05682193692352034,,0.0003,0.04773920029401779,,30000,,1670536.0,1970,,42425.268048043,1787975478.428866,,,,,vqm4avvj,earthy-sweep-4,d5_full_hard_pred
0.8929626133333334,0.05880578139672895,,0.0003,0.05643284320831299,,30000,,1690068.0,1995,,42917.71859244,1787975970.8891318,,,,,vqm4avvj,earthy-sweep-4,d5_full_hard_pred
0.8908186533333334,0.06832191235569443,,0.0003,0.04419064149260521,,30000,,1723920.0,2035,,43771.604969084,1787976824.7252016,,,,,vqm4avvj,earthy-sweep-4,d5_full_hard_pred
0.8898595333333333,0.06396211758622293,,0.0003,0.059790562838315964,,30000,,1739064.0,2052,,44152.085403407,1787977205.2362247,,,,,vqm4avvj,earthy-sweep-4,d5_full_hard_pred
0.8887722266666667,0.09035529594820141,,0.0003,0.06905795633792877,,30000,,1756232.0,2073,,44586.127975595,1787977639.238487,,,,,vqm4avvj,earthy-sweep-4,d5_full_hard_pred
0.88622952,0.10321794349137979,,0.0003,0.05530978739261627,,30000,,1796380.0,2120,,45598.66811909,1787978651.828012,,,,,vqm4avvj,earthy-sweep-4,d5_full_hard_pred
0.8840759333333333,0.03355982538340919,,0.0003,0.05771873891353607,,30000,,1830384.0,2160,,46458.900516663,1787979512.0718193,,,,,vqm4avvj,earthy-sweep-4,d5_full_hard_pred
0.88320168,0.14165692335605087,,0.0003,0.05456572771072388,,30000,,1844188.0,2176,,46808.008157567,1787979861.1713321,,,,,vqm4avvj,earthy-sweep-4,d5_full_hard_pred
0.8828764,0.03469532839324385,,0.0003,0.05230800434947014,,30000,,1849324.0,2182,,46938.301822663,1787979991.460074,,,,,vqm4avvj,earthy-sweep-4,d5_full_hard_pred
0.88121656,0.016785696064052388,,0.0003,0.04508958011865616,,30000,,1875532.0,2214,,47598.968671088,1787980652.1220276,,,,,vqm4avvj,earthy-sweep-4,d5_full_hard_pred
0.88017764,0.029958523276174816,,0.0003,0.04954006150364876,,30000,,1891936.0,2234,,48013.297213061,1787981066.462257,,,,,vqm4avvj,earthy-sweep-4,d5_full_hard_pred
0.8798928933333333,0.1342574543312222,,0.0003,0.04805576056241989,,30000,,1896432.0,2239,,48127.09295489,1787981180.2478483,,,,,vqm4avvj,earthy-sweep-4,d5_full_hard_pred
0.8795982666666666,0.052850714947141705,,0.0003,0.04701391980051994,,30000,,1901084.0,2245,,48244.862664834,1787981298.029236,,,,,vqm4avvj,earthy-sweep-4,d5_full_hard_pred
0.8795797733333334,0.07301617502110716,,0.0003,0.04489244520664215,,30000,,1901376.0,2245,,48252.263540829,1787981305.432006,,,,,vqm4avvj,earthy-sweep-4,d5_full_hard_pred
0.87863408,0.06175372358604838,,0.0003,0.053313247859478,,30000,,1916308.0,2263,,48627.408022845,1787981680.5704527,,,,,vqm4avvj,earthy-sweep-4,d5_full_hard_pred
0.8778454533333334,0.03017082260074595,,0.0003,0.05116114020347595,,30000,,1928760.0,2277,,48939.989795215,1787981993.147591,,,,,vqm4avvj,earthy-sweep-4,d5_full_hard_pred
0.8750159733333334,0.08968031191592188,,0.0003,0.04875968396663666,,30000,,1973436.0,2328,,50066.222114725,1787983119.3918905,,,,,vqm4avvj,earthy-sweep-4,d5_full_hard_pred
0.8744690266666666,0.019029140283056318,,0.0003,0.04899429902434349,,30000,,1982072.0,2339,,50283.426113933,1787983336.5876925,,,,,vqm4avvj,earthy-sweep-4,d5_full_hard_pred
0.873289,0.036302345186103355,,0.0003,0.06084008514881134,,30000,,2000704.0,2360,,50751.578082556,1787983804.740553,,,,,vqm4avvj,earthy-sweep-4,d5_full_hard_pred
0.8730832933333333,0.055943851915499575,,0.0003,0.054512619972229004,,30000,,2003952.0,2365,,50833.339785991,1787983886.501707,,,,,vqm4avvj,earthy-sweep-4,d5_full_hard_pred
0.8683943466666667,0.05122790909908459,,0.0003,0.05202443152666092,,30000,,2077988.0,2452,,52699.527050756,1787985752.6400583,,,,,vqm4avvj,earthy-sweep-4,d5_full_hard_pred
0.8675408666666666,0.030856462476681258,,0.0003,0.054771553725004196,,30000,,2091464.0,2469,,53037.674264077,1787986090.838813,,,,,vqm4avvj,earthy-sweep-4,d5_full_hard_pred
0.8673361733333333,0.01165347310967566,,0.0003,0.056554459035396576,,30000,,2094696.0,2472,,53118.806198844,1787986171.970167,,,,,vqm4avvj,earthy-sweep-4,d5_full_hard_pred
0.8662463333333333,0.03713783075395277,,0.0003,0.049472905695438385,,30000,,2111904.0,2493,,53552.133689994,1787986605.2917557,,,,,vqm4avvj,earthy-sweep-4,d5_full_hard_pred
0.86580148,0.08684786339980248,,0.0003,0.039452776312828064,,30000,,2118928.0,2501,,53729.827197662,1787986782.9905975,,,,,vqm4avvj,earthy-sweep-4,d5_full_hard_pred
0.8639693733333333,0.039075159860552634,,0.0003,0.05656343698501587,,30000,,2147856.0,2533,,54458.791004423,1787987511.953739,,,,,vqm4avvj,earthy-sweep-4,d5_full_hard_pred
0.8604857866666666,0.03508490875037293,,0.0003,0.05163327232003212,,30000,,2202860.0,2600,,55837.970359681,1787988891.13321,,,,,vqm4avvj,earthy-sweep-4,d5_full_hard_pred
0.8583772933333333,0.029519615366176227,,0.0003,0.04697245731949806,,30000,,2236152.0,2640,,56676.112621495,1787989729.278195,,,,,vqm4avvj,earthy-sweep-4,d5_full_hard_pred
0.8552255733333334,0.10635012493358417,,0.0003,0.0550655722618103,,30000,,2285916.0,2699,,57930.825151393,1787990984.0133948,,,,,vqm4avvj,earthy-sweep-4,d5_full_hard_pred
0.8550829466666667,0.018310692372567994,,0.0003,0.06654658913612366,,30000,,2288168.0,2702,,57987.418148054,1787991040.5871046,,,,,vqm4avvj,earthy-sweep-4,d5_full_hard_pred
0.8521627733333333,0.05738371615811471,,0.0003,0.05796710401773453,,30000,,2334276.0,2757,,59146.216745878,1787992199.376349,,,,,vqm4avvj,earthy-sweep-4,d5_full_hard_pred
0.8515828933333334,0.09166481284638583,,0.0003,0.0621752105653286,,30000,,2343432.0,2769,,59376.250699745,1787992429.4129372,,,,,vqm4avvj,earthy-sweep-4,d5_full_hard_pred
0.8506425200000001,0.03572206401522512,,0.0003,0.04493620991706848,,30000,,2358280.0,2785,,59749.474868652,1787992802.6367788,,,,,vqm4avvj,earthy-sweep-4,d5_full_hard_pred
0.8495129066666667,0.018013132471698782,,0.0003,0.04441634193062782,,30000,,2376116.0,2808,,60199.063849985,1787993252.221315,,,,,vqm4avvj,earthy-sweep-4,d5_full_hard_pred
0.8491714133333333,0.051210782325048936,,0.0003,0.04749741405248642,,30000,,2381508.0,2813,,60334.90410724,1787993388.0775356,,,,,vqm4avvj,earthy-sweep-4,d5_full_hard_pred
0.8477790933333333,0.06555135416221107,,0.0003,0.0524434894323349,,30000,,2403492.0,2840,,60889.15846659,1787993942.3234298,,,,,vqm4avvj,earthy-sweep-4,d5_full_hard_pred
0.8476805466666667,0.0627319926870323,,0.0003,0.03902965784072876,,30000,,2405048.0,2841,,60928.756197449,1787993981.9189634,,,,,vqm4avvj,earthy-sweep-4,d5_full_hard_pred
0.8464316133333333,0.09907777878030458,,0.0003,0.04294126480817795,,30000,,2424768.0,2865,,61424.975832561,1787994478.1497872,,,,,vqm4avvj,earthy-sweep-4,d5_full_hard_pred
0.8433361333333333,0.18028908234067842,,0.0003,0.0401720367372036,,30000,,2473644.0,2921,,62656.514384604,1787995709.6887608,,,,,vqm4avvj,earthy-sweep-4,d5_full_hard_pred
0.8414232133333334,0.13334504109930517,,0.0003,0.061053380370140076,,30000,,2503848.0,2957,,63417.339237094,1787996470.4972494,,,,,vqm4avvj,earthy-sweep-4,d5_full_hard_pred
0.8343544533333334,0.06217990156994981,,0.0003,0.04480064660310745,,30000,,2615460.0,3089,,66230.43868927,1787999283.6022587,,,,,vqm4avvj,earthy-sweep-4,d5_full_hard_pred
0.83426528,0.1493892163652123,,0.0003,0.05637560784816742,,30000,,2616868.0,3091,,66265.739902931,1787999318.9035966,,,,,vqm4avvj,earthy-sweep-4,d5_full_hard_pred
0.8327478133333334,0.12871875497581756,,0.0003,0.05803016200661659,,30000,,2640828.0,3121,,66869.597684745,1787999922.7753625,,,,,vqm4avvj,earthy-sweep-4,d5_full_hard_pred
0.8320587466666667,0.05389547555126409,,0.0003,0.05900455638766289,,30000,,2651708.0,3133,,67144.53352772,1788000197.690865,,,,,vqm4avvj,earthy-sweep-4,d5_full_hard_pred
0.8319234666666667,0.09987395252182418,,0.0003,0.054960593581199646,,30000,,2653844.0,3134,,67198.445842855,1788000251.633801,,,,,vqm4avvj,earthy-sweep-4,d5_full_hard_pred
0.83099272,0.05933794572983262,,0.0003,0.05653281509876251,,30000,,2668540.0,3152,,67567.023605816,1788000620.184897,,,,,vqm4avvj,earthy-sweep-4,d5_full_hard_pred
0.8297660800000001,0.07446190129377567,,0.0003,0.048066653311252594,,30000,,2687908.0,3174,,68056.380568136,1788001109.543083,,,,,vqm4avvj,earthy-sweep-4,d5_full_hard_pred
0.8261956,0.04351173780331533,,0.0003,0.05478914454579353,,30000,,2744284.0,3241,,69476.414153058,1788002529.5775836,,,,,vqm4avvj,earthy-sweep-4,d5_full_hard_pred
0.8257710133333334,0.11919530003458884,,0.0003,0.05509831756353378,,30000,,2750988.0,3249,,69644.542031443,1788002697.7049503,,,,,vqm4avvj,earthy-sweep-4,d5_full_hard_pred
0.8254723333333334,0.08059703862996462,,0.0003,0.05443592742085457,,30000,,2755704.0,3254,,69763.443580531,1788002816.6169298,,,,,vqm4avvj,earthy-sweep-4,d5_full_hard_pred
0.8227963733333333,0.07136648774266909,,0.0003,0.057573847472667694,,30000,,2797956.0,3304,,70826.904440918,1788003880.063474,,,,,vqm4avvj,earthy-sweep-4,d5_full_hard_pred
0.8223728,0.050694479063901114,,0.0003,0.05595691129565239,,30000,,2804644.0,3313,,70994.860136628,1788004048.0312073,,,,,vqm4avvj,earthy-sweep-4,d5_full_hard_pred
0.82070764,0.018690470369796836,,0.0003,0.054573703557252884,,30000,,2830936.0,3344,,71657.691463167,1788004710.8517592,,,,,vqm4avvj,earthy-sweep-4,d5_full_hard_pred
0.8201720933333334,0.05813047896991929,,0.0003,0.05993008613586426,,30000,,2839392.0,3355,,71871.031687634,1788004924.2142253,,,,,vqm4avvj,earthy-sweep-4,d5_full_hard_pred
0.8201145866666667,0.06399452992397975,,0.0003,0.05454544723033905,,30000,,2840300.0,3355,,71894.068660784,1788004947.1838193,,,,,vqm4avvj,earthy-sweep-4,d5_full_hard_pred
0.8198863333333334,0.02904810031191158,,0.0003,0.05204591900110245,,30000,,2843904.0,3359,,71984.411375825,1788005037.5646892,,,,,vqm4avvj,earthy-sweep-4,d5_full_hard_pred
0.8171533733333334,0.049523749143298185,,0.0003,0.04796347767114639,,30000,,2887056.0,3409,,73076.291068253,1788006129.460816,,,,,vqm4avvj,earthy-sweep-4,d5_full_hard_pred
0.8153810533333333,0.07272710625537804,,0.0003,0.05359382927417755,,30000,,2915040.0,3443,,73779.522249588,1788006832.6897287,,,,,vqm4avvj,earthy-sweep-4,d5_full_hard_pred
0.8147684933333333,0.028646097125074405,,0.0003,0.053528785705566406,,30000,,2924712.0,3454,,74023.707076746,1788007076.8188305,,,,,vqm4avvj,earthy-sweep-4,d5_full_hard_pred
0.8146983200000001,0.09634136046283003,,0.0003,0.06103944405913353,,30000,,2925820.0,3456,,74051.810399094,1788007104.9680786,,,,,vqm4avvj,earthy-sweep-4,d5_full_hard_pred
0.81335464,0.06055951208079291,,0.0003,0.05819316953420639,,30000,,2947036.0,3481,,74586.397966929,1788007639.5602689,,,,,vqm4avvj,earthy-sweep-4,d5_full_hard_pred
0.8131958,0.025484501006678522,,0.0003,0.05269598960876465,,30000,,2949544.0,3484,,74650.032094846,1788007703.1955597,,,,,vqm4avvj,earthy-sweep-4,d5_full_hard_pred
0.8131453866666667,0.07424361453533328,,0.0003,0.052728477865457535,,30000,,2950340.0,3485,,74670.232081825,1788007723.3903532,,,,,vqm4avvj,earthy-sweep-4,d5_full_hard_pred
0.81150936,0.07813112648689242,,0.0003,0.04852471500635147,,30000,,2976172.0,3515,,75322.668610854,1788008375.8438168,,,,,vqm4avvj,earthy-sweep-4,d5_full_hard_pred
0.8108322,0.02280884302442222,,0.0003,0.04966945946216583,,30000,,2986864.0,3527,,75591.555760641,1788008644.719146,,,,,vqm4avvj,earthy-sweep-4,d5_full_hard_pred
0.8107133866666667,0.2176826187238303,,0.0003,0.057730644941329956,,30000,,2988740.0,3530,,75638.997993431,1788008692.1618187,,,,,vqm4avvj,earthy-sweep-4,d5_full_hard_pred
0.8105102133333334,0.06457309481722573,,0.0003,0.050637803971767426,,30000,,2991948.0,3534,,75719.648348401,1788008772.8133469,,,,,vqm4avvj,earthy-sweep-4,d5_full_hard_pred
0.8091665333333333,0.09032031582450144,,0.0003,0.06443994492292404,,30000,,3013164.0,3559,,76255.891352361,1788009309.0533173,,,,,vqm4avvj,earthy-sweep-4,d5_full_hard_pred
0.8076657866666667,0.02754635884950023,,0.0003,0.05799315124750137,,30000,,3036860.0,3587,,76854.701258217,1788009907.856829,,,,,vqm4avvj,earthy-sweep-4,d5_full_hard_pred
0.8067251599999999,0.06533457497118832,,0.0003,0.04570459946990013,,30000,,3051712.0,3606,,77231.951752409,1788010285.1187599,,,,,vqm4avvj,earthy-sweep-4,d5_full_hard_pred
0.8063654266666667,0.04374590758072784,,0.0003,0.06030885875225067,,30000,,3057392.0,3613,,77375.493536184,1788010428.6563513,,,,,vqm4avvj,earthy-sweep-4,d5_full_hard_pred
0.8052614,0.0792415884626524,,0.0003,0.07080422341823578,,30000,,3074824.0,3634,,77816.258707562,1788010869.4192152,,,,,vqm4avvj,earthy-sweep-4,d5_full_hard_pred
0.8048902666666666,0.04760160842582953,,0.0003,0.06713423132896423,,30000,,3080684.0,3641,,77964.938273445,1788011018.101976,,,,,vqm4avvj,earthy-sweep-4,d5_full_hard_pred
0.8038472933333333,0.011006107426657434,,0.0003,0.06364063918590546,,30000,,3097152.0,3660,,78381.420357589,1788011434.585651,,,,,vqm4avvj,earthy-sweep-4,d5_full_hard_pred
0.8038052400000001,0.025211093412376106,,0.0003,0.0551883727312088,,30000,,3097816.0,3661,,78397.704116687,1788011450.8927956,,,,,vqm4avvj,earthy-sweep-4,d5_full_hard_pred
0.8035458266666666,0.031072294309466477,,0.0003,0.04696144163608551,,30000,,3101912.0,3665,,78500.737306975,1788011553.8521268,,,,,vqm4avvj,earthy-sweep-4,d5_full_hard_pred
0.8019457733333334,0.03116301676765112,,0.0003,0.0749695748090744,,30000,,3127176.0,3696,,79142.112597617,1788012195.2662098,,,,,vqm4avvj,earthy-sweep-4,d5_full_hard_pred
0.8018538133333334,0.019381956318905748,,0.0003,0.059962548315525055,,30000,,3128628.0,3697,,79178.388792439,1788012231.5499284,,,,,vqm4avvj,earthy-sweep-4,d5_full_hard_pred
0.8006973466666667,0.025942576479513507,,0.0003,0.04984871670603752,,30000,,3146888.0,3720,,79639.163245486,1788012692.33456,,,,,vqm4avvj,earthy-sweep-4,d5_full_hard_pred
0.7999158133333333,0.13545027244851676,,0.0003,0.06260660290718079,,30000,,3159228.0,3735,,79949.880574684,1788013003.0362937,,,,,vqm4avvj,earthy-sweep-4,d5_full_hard_pred
0.7994689333333334,0.030095113819702157,,0.0003,0.05264058709144592,,30000,,3166284.0,3744,,80127.10315741,1788013180.231406,,,,,vqm4avvj,earthy-sweep-4,d5_full_hard_pred
0.7971853866666667,0.08675416049668727,,0.0003,0.07027381658554077,,30000,,3202340.0,3785,,81035.416985098,1788014088.5833325,,,,,vqm4avvj,earthy-sweep-4,d5_full_hard_pred
0.7967081066666667,0.039656484840587286,,0.0003,0.05395633354783058,,30000,,3209876.0,3794,,81225.571593894,1788014278.7355797,,,,,vqm4avvj,earthy-sweep-4,d5_full_hard_pred
0.7957183333333334,0.027706208615150964,,0.0003,0.0425504595041275,,30000,,3225504.0,3813,,81620.599409506,1788014673.7716444,,,,,vqm4avvj,earthy-sweep-4,d5_full_hard_pred
0.7955149066666666,0.05051019586754085,,0.0003,0.05739448964595795,,30000,,3228716.0,3818,,81701.953004697,1788014755.1161704,,,,,vqm4avvj,earthy-sweep-4,d5_full_hard_pred
0.79536772,0.03245102671680109,,0.0003,0.05739322677254677,,30000,,3231040.0,3820,,81761.084497972,1788014814.2409196,,,,,vqm4avvj,earthy-sweep-4,d5_full_hard_pred
0.7936336533333334,0.011470913922411435,,0.0003,0.0500771701335907,,30000,,3258420.0,3853,,82453.97985461,1788015507.1362638,,,,,vqm4avvj,earthy-sweep-4,d5_full_hard_pred
0.79336056,0.07487730181394464,,0.0003,0.053773798048496246,,30000,,3262732.0,3859,,82563.422319301,1788015616.5849469,,,,,vqm4avvj,earthy-sweep-4,d5_full_hard_pred
0.7932954533333333,0.09770814948797281,,0.0003,0.04224260151386261,,30000,,3263760.0,3860,,82589.589047404,1788015642.7458096,,,,,vqm4avvj,earthy-sweep-4,d5_full_hard_pred
0.7930730266666667,0.17585936070481512,,0.0003,0.06933470815420151,,30000,,3267272.0,3863,,82678.440387056,1788015731.5926178,,,,,vqm4avvj,earthy-sweep-4,d5_full_hard_pred
0.7920087733333333,0.07320104025000211,,0.0003,0.0605243518948555,,30000,,3284076.0,3883,,83100.816199534,1788016153.9700205,,,,,vqm4avvj,earthy-sweep-4,d5_full_hard_pred
0.7914826,0.022265336242505547,,0.0003,0.053376488387584686,,30000,,3292384.0,3892,,83309.913741091,1788016363.0816154,,,,,vqm4avvj,earthy-sweep-4,d5_full_hard_pred
0.7911651733333334,0.05650331609563333,,0.0003,0.037473760545253754,,30000,,3297396.0,3898,,83435.911844988,1788016489.068727,,,,,vqm4avvj,earthy-sweep-4,d5_full_hard_pred
0.7902980133333333,0.16826616954595475,,0.0003,0.06681877374649048,,30000,,3311088.0,3914,,83780.149470168,1788016833.3044245,,,,,vqm4avvj,earthy-sweep-4,d5_full_hard_pred
0.7901759066666667,0.08532395047385659,,0.0003,0.06822626292705536,,30000,,3313016.0,3916,,83829.061714418,1788016882.2346663,,,,,vqm4avvj,earthy-sweep-4,d5_full_hard_pred
0.7899056,0.021086054855282903,,0.0003,0.048132166266441345,,30000,,3317284.0,3921,,83936.792238373,1788016989.956706,,,,,vqm4avvj,earthy-sweep-4,d5_full_hard_pred
0.7889398933333334,0.06364849012041521,,0.0003,0.052537716925144196,,30000,,3332532.0,3938,,84320.343175135,1788017373.5299413,,,,,vqm4avvj,earthy-sweep-4,d5_full_hard_pred
0.78811124,0.06471583423981656,,0.0003,0.05606367439031601,,30000,,3345616.0,3953,,84650.798107231,1788017703.9593909,,,,,vqm4avvj,earthy-sweep-4,d5_full_hard_pred
0.7877401066666666,0.05710447400530429,,0.0003,0.056177768856287,,30000,,3351476.0,3961,,84798.571576438,1788017851.7417471,,,,,vqm4avvj,earthy-sweep-4,d5_full_hard_pred
0.78673792,0.02996029108982495,,0.0003,0.057281944900751114,,30000,,3367300.0,3979,,85201.207088486,1788018254.3634202,,,,,vqm4avvj,earthy-sweep-4,d5_full_hard_pred
0.7859003999999999,0.039040856641304036,,0.0003,0.06267381459474564,,30000,,3380524.0,3995,,85533.581117617,1788018586.735803,,,,,vqm4avvj,earthy-sweep-4,d5_full_hard_pred
0.7858261733333334,0.021962386659153378,,0.0003,0.04733794927597046,,30000,,3381696.0,3995,,85563.079035554,1788018616.2423654,,,,,vqm4avvj,earthy-sweep-4,d5_full_hard_pred
0.7809013733333333,0.04980785915034273,,0.0003,0.052680548280477524,,30000,,3459456.0,4089,,87525.433161999,1788020578.5949256,,,,,vqm4avvj,earthy-sweep-4,d5_full_hard_pred
0.77771976,0.1898953187644044,,0.0003,0.047741636633872986,,30000,,3509692.0,4151,,88792.914703561,1788021846.0944762,,,,,vqm4avvj,earthy-sweep-4,d5_full_hard_pred
0.7776483200000001,0.028517111131500152,,0.0003,0.050986044108867645,,30000,,3510820.0,4152,,88818.386583286,1788021871.5652754,,,,,vqm4avvj,earthy-sweep-4,d5_full_hard_pred
0.77651592,0.028236831075500256,,0.0003,0.059229008853435516,,30000,,3528700.0,4173,,89207.486686083,1788022260.6622531,,,,,vqm4avvj,earthy-sweep-4,d5_full_hard_pred
0.7760079866666667,0.0764685231771587,,0.0003,0.054264605045318604,,30000,,3536720.0,4184,,89382.203513964,1788022435.3772235,,,,,vqm4avvj,earthy-sweep-4,d5_full_hard_pred
0.7743686666666667,0.030075735337374843,,0.0003,0.06091322377324104,,30000,,3562604.0,4214,,89945.751514052,1788022998.9259708,,,,,vqm4avvj,earthy-sweep-4,d5_full_hard_pred
0.7740775866666667,0.08924998573191577,,0.0003,0.04807358235120773,,30000,,3567200.0,4219,,90045.740942654,1788023098.9164672,,,,,vqm4avvj,earthy-sweep-4,d5_full_hard_pred
