train/episode,episode/tracking_reward,episode/total_reward,train/epsilon,train/grad_norm,episode/actions_up,episode/clipped_reward,train/buffer_size,train/learning_rate,_timestamp,episode/goal_reward,_runtime,episode/actions_neutral,train/loss,episode/actions_down,_step,episode/action_all,run_id,run_name,group
0,,,0.9998044266666667,0.2111680340914869,,,3084,0.0003,1787933107.1995966,,52.0206795,,0.04205700755119324,,3092.0,,x5j56e71,ethereal-sweep-5,d5_full_soft_noPred
4,,,0.9997717466666667,1.0793774864565644,,,3592,0.0003,1787933120.6294878,,65.423262583,,0.18289248645305634,,3608.0,,x5j56e71,ethereal-sweep-5,d5_full_soft_noPred
26,,,0.99850964,0.20381359663926987,,,23476,0.0003,1787933623.3200338,,568.11832736,,0.02952001243829727,,23536.0,,x5j56e71,ethereal-sweep-5,d5_full_soft_noPred
39,,,0.9978043600000001,0.10681504465849047,,,30000,0.0003,1787933898.6741018,,843.469761039,,0.0065790219232439995,,34672.0,,x5j56e71,ethereal-sweep-5,d5_full_soft_noPred
52,,,0.99709832,0.09102247052203721,,,30000,0.0003,1787934181.4457443,,1126.257033265,,0.0044541554525494576,,45820.0,,x5j56e71,ethereal-sweep-5,d5_full_soft_noPred
60,,,0.99663396,0.0955016964104071,,,30000,0.0003,1787934366.569957,,1311.365265739,,0.004921693354845047,,53152.0,,x5j56e71,ethereal-sweep-5,d5_full_soft_noPred
71,,,0.9961070266666666,0.10032108587837549,,,30000,0.0003,1787934575.8268826,,1520.622859392,,0.0035417494364082813,,61472.0,,x5j56e71,ethereal-sweep-5,d5_full_soft_noPred
112,,,0.99386376,0.10649186137334372,,,30000,0.0003,1787935466.3779275,,2411.170830257,,0.0019124336540699005,,96892.0,,x5j56e71,ethereal-sweep-5,d5_full_soft_noPred
159,,,0.9914806533333334,0.046634722926455825,,,30000,0.0003,1787936411.6100523,,3356.401027146,,0.0021960698068141937,,134520.0,,x5j56e71,ethereal-sweep-5,d5_full_soft_noPred
160,,,0.9913094,0.03128896132669502,,,30000,0.0003,1787936479.3562555,,3424.158620702,,0.0018631278071552515,,137224.0,,x5j56e71,ethereal-sweep-5,d5_full_soft_noPred
212,,,0.9885789733333333,0.16023068577030908,,,30000,0.0003,1787937557.666996,,4502.464791586,,0.003767051501199603,,180336.0,,x5j56e71,ethereal-sweep-5,d5_full_soft_noPred
224,,,0.9879572933333334,0.11009068201641904,,,30000,0.0003,1787937803.4783504,,4748.280566605,,0.003894498571753502,,190152.0,,x5j56e71,ethereal-sweep-5,d5_full_soft_noPred
244,,,0.9868421199999999,0.041419789635916346,,,30000,0.0003,1787938245.3851278,,5190.176855967,,0.002981607336550951,,207760.0,,x5j56e71,ethereal-sweep-5,d5_full_soft_noPred
259,,,0.9861249333333333,0.06248617561233261,,,30000,0.0003,1787938529.4989998,,5474.298559647,,0.0028622145764529705,,219084.0,,x5j56e71,ethereal-sweep-5,d5_full_soft_noPred
265,,,0.9857915466666666,0.04757653261985599,,,30000,0.0003,1787938661.826361,,5606.606247487,,0.0021379045210778713,,224348.0,,x5j56e71,ethereal-sweep-5,d5_full_soft_noPred
285,,,0.9846604133333334,0.07558046381159664,,,30000,0.0003,1787939110.6224833,,6055.422704145,,0.003942892421036959,,242208.0,,x5j56e71,ethereal-sweep-5,d5_full_soft_noPred
292,,,0.9843642666666668,0.03827307583804909,,,30000,0.0003,1787939229.0571105,,6173.855954061,,0.0021306558046489954,,246884.0,,x5j56e71,ethereal-sweep-5,d5_full_soft_noPred
292,,,0.98427712,0.0625417897956084,,,30000,0.0003,1787939263.6629987,,6208.517396685,,0.0024641957134008408,,248260.0,,x5j56e71,ethereal-sweep-5,d5_full_soft_noPred
300,,,0.98387204,0.05687136368307304,,,30000,0.0003,1787939422.4261825,,6367.230679598,,0.002984195714816451,,254656.0,,x5j56e71,ethereal-sweep-5,d5_full_soft_noPred
320,,,0.9828326133333334,0.037420593832789555,,,30000,0.0003,1787939833.2147543,,6778.015641196,,0.0019522045040503144,,271068.0,,x5j56e71,ethereal-sweep-5,d5_full_soft_noPred
337,,,0.98183296,0.034749924594756385,,,30000,0.0003,1787940222.8420515,,7167.640081312,,0.0021427369210869074,,286852.0,,x5j56e71,ethereal-sweep-5,d5_full_soft_noPred
370,,,0.98012296,0.06936018315582466,,,30000,0.0003,1787940902.1841733,,7846.983586146,,0.0032787814270704985,,313852.0,,x5j56e71,ethereal-sweep-5,d5_full_soft_noPred
385,,,0.9792760666666667,0.03127327000120744,,,30000,0.0003,1787941239.1689415,,8183.961496913,,0.0023050413001328707,,327224.0,,x5j56e71,ethereal-sweep-5,d5_full_soft_noPred
428,,,0.97698112,0.041829834536506544,,,30000,0.0003,1787942147.9073284,,9092.705717508,,0.0021540909074246883,,363460.0,,x5j56e71,ethereal-sweep-5,d5_full_soft_noPred
435,,,0.9766482400000001,0.03748634172283885,,,30000,0.0003,1787942280.479064,,9225.265705523,,0.002376875374466181,,368716.0,,x5j56e71,ethereal-sweep-5,d5_full_soft_noPred
465,,,0.9749957466666667,0.07060418558622837,,,30000,0.0003,1787942936.8893027,,9881.68797167,,0.004333818797022104,,394808.0,,x5j56e71,ethereal-sweep-5,d5_full_soft_noPred
481,,,0.9741176933333333,0.05303016089210751,,,30000,0.0003,1787943286.4793234,,10231.277100023,,0.0030365153215825558,,408672.0,,x5j56e71,ethereal-sweep-5,d5_full_soft_noPred
493,,,0.97355732,0.03095689171026144,,,30000,0.0003,1787943508.9725225,,10453.765784522,,0.0017647627973929048,,417520.0,,x5j56e71,ethereal-sweep-5,d5_full_soft_noPred
560,,,0.9698695466666666,0.04612857288604405,,,30000,0.0003,1787944973.1977606,,11918.003386818,,0.00247388007119298,,475748.0,,x5j56e71,ethereal-sweep-5,d5_full_soft_noPred
573,,,0.9691548933333334,0.04810249138963922,,,30000,0.0003,1787945257.6350515,,12202.442633285,,0.002381771570071578,,487032.0,,x5j56e71,ethereal-sweep-5,d5_full_soft_noPred
614,,,0.9669584933333334,0.034141424623581045,,,30000,0.0003,1787946124.1552787,,13068.96145065,,0.0017667823703959584,,521712.0,,x5j56e71,ethereal-sweep-5,d5_full_soft_noPred
616,,,0.9668865466666667,0.06420256696051727,,,30000,0.0003,1787946152.2273226,,13097.028701159,,0.003402523696422577,,522848.0,,x5j56e71,ethereal-sweep-5,d5_full_soft_noPred
630,,,0.9660371200000001,0.025209390711461208,,,30000,0.0003,1787946488.8127358,,13433.610879631,,0.0012616229942068458,,536260.0,,x5j56e71,ethereal-sweep-5,d5_full_soft_noPred
633,,,0.9659737866666667,0.047849500234213506,,,30000,0.0003,1787946514.407027,,13459.205546649,,0.0025031447876244783,,537260.0,,x5j56e71,ethereal-sweep-5,d5_full_soft_noPred
643,,,0.9653498266666667,0.02874827872503586,,,30000,0.0003,1787946761.4400876,,13706.233136418,,0.0016960632055997849,,547112.0,,x5j56e71,ethereal-sweep-5,d5_full_soft_noPred
676,,,0.9636215866666666,0.04037321110359415,,,30000,0.0003,1787947448.0905,,14392.897772937,,0.0017452347092330456,,574400.0,,x5j56e71,ethereal-sweep-5,d5_full_soft_noPred
695,,,0.9626300400000001,0.028165508550887574,,,30000,0.0003,1787947845.7886288,,14790.588799598,,0.0013317200355231762,,590056.0,,x5j56e71,ethereal-sweep-5,d5_full_soft_noPred
698,,,0.9624291466666667,0.027034345774530084,,,30000,0.0003,1787947926.2575102,,14871.055197519,,0.001147982431575656,,593228.0,,x5j56e71,ethereal-sweep-5,d5_full_soft_noPred
711,,,0.96170436,0.03751301926551919,,,30000,0.0003,1787948214.8218176,,15159.626037283,,0.0019439543830230832,,604672.0,,x5j56e71,ethereal-sweep-5,d5_full_soft_noPred
714,,,0.9615705999999999,0.02547707151222649,,,30000,0.0003,1787948268.5546753,,15213.352854122,,0.0011855755001306534,,606784.0,,x5j56e71,ethereal-sweep-5,d5_full_soft_noPred
793,,,0.9573754,0.05833560112344459,,,30000,0.0003,1787949929.6092005,,16874.409798065,,0.0035709403455257416,,673024.0,,x5j56e71,ethereal-sweep-5,d5_full_soft_noPred
815,,,0.95615028,0.04455624905696444,,,30000,0.0003,1787950413.237052,,17358.036931494,,0.002113873139023781,,692368.0,,x5j56e71,ethereal-sweep-5,d5_full_soft_noPred
818,0.0,-21.0,0.9559957466666666,0.02658801028929114,27.0,-1.0,30000,0.0003,1787950475.0886805,-21.0,17419.886357279,98.0,0.001246016938239336,25.0,694808.0,150.0,x5j56e71,ethereal-sweep-5,d5_full_soft_noPred
820,,,0.9559177200000001,0.059774430363196907,,,30000,0.0003,1787950505.8829918,,17450.675329416,,0.002227434189990163,,696040.0,,x5j56e71,ethereal-sweep-5,d5_full_soft_noPred
831,,,0.9553021199999999,0.025297775945444696,,,30000,0.0003,1787950751.9041653,,17696.704624718,,0.0016122983070090413,,705760.0,,x5j56e71,ethereal-sweep-5,d5_full_soft_noPred
833,,,0.9552441066666667,0.038076452967496274,,,30000,0.0003,1787950775.403777,,17720.208838389,,0.0020422660745680332,,706676.0,,x5j56e71,ethereal-sweep-5,d5_full_soft_noPred
862,,,0.9535918666666666,0.05962896437677006,,,30000,0.0003,1787951431.4406924,,18376.283797241,,0.0021470508072525263,,732764.0,,x5j56e71,ethereal-sweep-5,d5_full_soft_noPred
889,,,0.9521471066666667,0.0725126863580095,,,30000,0.0003,1787952007.0347502,,18951.890057754,,0.003293348476290703,,755576.0,,x5j56e71,ethereal-sweep-5,d5_full_soft_noPred
967,,,0.9478412,0.05910210374994713,,,30000,0.0003,1787953723.7180078,,20668.535523489,,0.0030229371041059494,,823564.0,,x5j56e71,ethereal-sweep-5,d5_full_soft_noPred
975,,,0.9474414400000001,0.08431069037799498,,,30000,0.0003,1787953883.1239922,,20827.920619556,,0.0038033893797546625,,829876.0,,x5j56e71,ethereal-sweep-5,d5_full_soft_noPred
983,,,0.9470383866666666,0.047325625259464814,,,30000,0.0003,1787954043.9445667,,20988.748147575,,0.0021965294145047665,,836240.0,,x5j56e71,ethereal-sweep-5,d5_full_soft_noPred
987,,,0.9468027866666666,0.08428055405858643,,,30000,0.0003,1787954136.5523624,,21081.352964365,,0.003718593157827854,,839960.0,,x5j56e71,ethereal-sweep-5,d5_full_soft_noPred
987,,,0.9467480666666667,0.08443232463232361,,,30000,0.0003,1787954158.4796152,,21103.280716249,,0.0034270877949893475,,840824.0,,x5j56e71,ethereal-sweep-5,d5_full_soft_noPred
1039,,,0.94400396,0.037966961569285355,,,30000,0.0003,1787955253.3981037,,22198.196637258,,0.0015669707208871841,,884152.0,,x5j56e71,ethereal-sweep-5,d5_full_soft_noPred
1055,,,0.94312996,0.05176578932001711,,,30000,0.0003,1787955601.234279,,22546.02690192,,0.003638134803622961,,897952.0,,x5j56e71,ethereal-sweep-5,d5_full_soft_noPred
1067,,,0.94242696,0.023146259901995245,,,30000,0.0003,1787955880.5785267,,22825.374843496,,0.0009764201240614057,,909052.0,,x5j56e71,ethereal-sweep-5,d5_full_soft_noPred
1068,,,0.9423666666666667,0.052374236308722504,,,30000,0.0003,1787955904.6096532,,22849.391054706,,0.0020329346880316734,,910004.0,,x5j56e71,ethereal-sweep-5,d5_full_soft_noPred
1121,,,0.9395027333333333,0.026390377575202448,,,30000,0.0003,1787957044.206512,,23989.0052217,,0.001274818554520607,,955224.0,,x5j56e71,ethereal-sweep-5,d5_full_soft_noPred
1140,,,0.9384964933333334,0.029388306437131778,,,30000,0.0003,1787957446.127771,,24390.925313696,,0.00144896749407053,,971112.0,,x5j56e71,ethereal-sweep-5,d5_full_soft_noPred
1156,,,0.93760552,0.04211199220150389,,,30000,0.0003,1787957799.086788,,24743.8914889,,0.0017344863153994083,,985180.0,,x5j56e71,ethereal-sweep-5,d5_full_soft_noPred
1188,,,0.9359213599999999,0.06139646532271941,,,30000,0.0003,1787958468.1970885,,25412.998114275,,0.002640404738485813,,1011772.0,,x5j56e71,ethereal-sweep-5,d5_full_soft_noPred
1199,,,0.9352687733333334,0.05416309830562653,,,30000,0.0003,1787958725.0605602,,25669.852398007,,0.003042597556486726,,1022076.0,,x5j56e71,ethereal-sweep-5,d5_full_soft_noPred
1203,,,0.93502684,0.06749259209728715,,,30000,0.0003,1787958819.8465803,,25764.653887502,,0.0038860030472278595,,1025896.0,,x5j56e71,ethereal-sweep-5,d5_full_soft_noPred
1219,,,0.9341194,0.12336606287138716,,,30000,0.0003,1787959182.6738648,,26127.472270369,,0.00642459187656641,,1040224.0,,x5j56e71,ethereal-sweep-5,d5_full_soft_noPred
1247,,,0.93262144,0.05130359313087978,,,30000,0.0003,1787959779.347677,,26724.148606597,,0.002295449376106262,,1063876.0,,x5j56e71,ethereal-sweep-5,d5_full_soft_noPred
1259,,,0.9320066,0.044029725279293344,,,30000,0.0003,1787960023.3854487,,26968.185249475,,0.0017182191368192434,,1073584.0,,x5j56e71,ethereal-sweep-5,d5_full_soft_noPred
1270,,,0.93142216,0.02558356207548684,,,30000,0.0003,1787960253.3924491,,27198.181494984,,0.0012844041921198368,,1082812.0,,x5j56e71,ethereal-sweep-5,d5_full_soft_noPred
1279,,,0.93087344,0.04651508111187057,,,30000,0.0003,1787960471.6163628,,27416.416308583,,0.002205577213317156,,1091476.0,,x5j56e71,ethereal-sweep-5,d5_full_soft_noPred
1304,,,0.9295680133333334,0.048447348784702686,,,30000,0.0003,1787960989.0345469,,27933.873934104,,0.002150036860257387,,1112088.0,,x5j56e71,ethereal-sweep-5,d5_full_soft_noPred
1338,,,0.9277146266666667,0.03559294668528349,,,30000,0.0003,1787961724.7099743,,28669.508166197,,0.001541290432214737,,1141352.0,,x5j56e71,ethereal-sweep-5,d5_full_soft_noPred
1350,,,0.9270455733333334,0.029785015078299625,,,30000,0.0003,1787961988.994655,,28933.789197365,,0.0013995897024869919,,1151916.0,,x5j56e71,ethereal-sweep-5,d5_full_soft_noPred
1394,,,0.92461028,0.028937722441800234,,,30000,0.0003,1787962953.5705264,,29898.363574423,,0.0016035661101341248,,1190368.0,,x5j56e71,ethereal-sweep-5,d5_full_soft_noPred
1417,,,0.9233347466666667,0.02831519767988087,,,30000,0.0003,1787963455.7043006,,30400.509923384,,0.0011644081678241491,,1210508.0,,x5j56e71,ethereal-sweep-5,d5_full_soft_noPred
1451,,,0.9215011200000001,0.06915090088112644,,,30000,0.0003,1787964184.027825,,31128.826286147,,0.002989371307194233,,1239460.0,,x5j56e71,ethereal-sweep-5,d5_full_soft_noPred
1487,,,0.9194964933333334,0.022692907645635935,,,30000,0.0003,1787964978.0951815,,31922.892177926,,0.0012998264282941818,,1271112.0,,x5j56e71,ethereal-sweep-5,d5_full_soft_noPred
1491,,,0.9192928133333333,0.03912993289804955,,,30000,0.0003,1787965060.1399772,,32004.945759301,,0.0015760755632072687,,1274328.0,,x5j56e71,ethereal-sweep-5,d5_full_soft_noPred
1526,,,0.9174123200000001,0.03900060696955874,,,30000,0.0003,1787965804.716011,,32749.513631804,,0.0012268087593838573,,1304020.0,,x5j56e71,ethereal-sweep-5,d5_full_soft_noPred
1532,,,0.91697456,0.032907050093750195,,,30000,0.0003,1787965976.5624573,,32921.367593898,,0.0019475105218589306,,1310932.0,,x5j56e71,ethereal-sweep-5,d5_full_soft_noPred
1534,,,0.91691832,0.02764880113185337,,,30000,0.0003,1787965998.6927688,,32943.491144661,,0.0013374309055507183,,1311820.0,,x5j56e71,ethereal-sweep-5,d5_full_soft_noPred
1621,,,0.9121452666666666,0.0355276623142762,,,30000,0.0003,1787967884.5909061,,34829.387858306,,0.0018845557933673263,,1387184.0,,x5j56e71,ethereal-sweep-5,d5_full_soft_noPred
1718,,,0.9067257066666666,0.047878305838751765,,,30000,0.0003,1787970026.4185922,,36971.200981428,,0.0018829182954505086,,1472756.0,,x5j56e71,ethereal-sweep-5,d5_full_soft_noPred
1726,,,0.90638928,0.029685151189720226,,,30000,0.0003,1787970159.1387374,,37103.936938855,,0.0012937289429828525,,1478068.0,,x5j56e71,ethereal-sweep-5,d5_full_soft_noPred
1775,,,0.9037100266666667,0.05017686166718479,,,30000,0.0003,1787971218.3251257,,38163.125080226,,0.0016767220804467797,,1520372.0,,x5j56e71,ethereal-sweep-5,d5_full_soft_noPred
1835,,,0.9004438,0.03132314530300458,,,30000,0.0003,1787972506.6297827,,39451.425649742,,0.0012708588037639856,,1571944.0,,x5j56e71,ethereal-sweep-5,d5_full_soft_noPred
1848,,,0.8996645466666666,0.03286065069945849,,,30000,0.0003,1787972815.0906157,,39759.888659673,,0.001724686473608017,,1584248.0,,x5j56e71,ethereal-sweep-5,d5_full_soft_noPred
1852,,,0.8993620666666667,0.024805156240692162,,,30000,0.0003,1787972934.593769,,39879.391966781,,0.0013918098993599415,,1589024.0,,x5j56e71,ethereal-sweep-5,d5_full_soft_noPred
1869,,,0.8984652666666667,0.03740741039529383,,,30000,0.0003,1787973288.8452928,,40233.650283571,,0.001832555397413671,,1603184.0,,x5j56e71,ethereal-sweep-5,d5_full_soft_noPred
1892,,,0.8971912533333333,0.0485104973186086,,,30000,0.0003,1787973793.0783644,,40737.875974484,,0.002221357077360153,,1623300.0,,x5j56e71,ethereal-sweep-5,d5_full_soft_noPred
1899,,,0.8967616,0.08450308476806477,,,30000,0.0003,1787973961.2525918,,40906.051078734,,0.0037956470623612404,,1630084.0,,x5j56e71,ethereal-sweep-5,d5_full_soft_noPred
1924,,,0.8954379333333333,0.06726164667749288,,,30000,0.0003,1787974483.7680602,,41428.567069523,,0.0030106178019195795,,1650984.0,,x5j56e71,ethereal-sweep-5,d5_full_soft_noPred
1930,,,0.8950521066666667,0.05831484764023218,,,30000,0.0003,1787974635.5069401,,41580.28661818,,0.0031168111599981785,,1657076.0,,x5j56e71,ethereal-sweep-5,d5_full_soft_noPred
1946,,,0.89419964,0.06490150894761001,,,30000,0.0003,1787974971.581331,,41916.372329516,,0.003487321548163891,,1670536.0,,x5j56e71,ethereal-sweep-5,d5_full_soft_noPred
1970,,,0.8929626133333334,0.04965401865224112,,,30000,0.0003,1787975458.420557,,42403.219296899,,0.002336769597604871,,1690068.0,,x5j56e71,ethereal-sweep-5,d5_full_soft_noPred
2010,,,0.8908186533333334,0.06220102956479804,,,30000,0.0003,1787976304.727533,,43249.523941607,,0.0039293766021728516,,1723920.0,,x5j56e71,ethereal-sweep-5,d5_full_soft_noPred
2026,,,0.8898595333333333,0.04898237396466462,,,30000,0.0003,1787976683.3649673,,43628.160988067,,0.0019193105399608612,,1739064.0,,x5j56e71,ethereal-sweep-5,d5_full_soft_noPred
2047,,,0.8887722266666667,0.06082822658387464,,,30000,0.0003,1787977110.9543684,,44055.761764868,,0.003621190320700407,,1756232.0,,x5j56e71,ethereal-sweep-5,d5_full_soft_noPred
2093,,,0.88622952,0.08306095011307608,,,30000,0.0003,1787978115.4404752,,45060.237914424,,0.004250666592270136,,1796380.0,,x5j56e71,ethereal-sweep-5,d5_full_soft_noPred
2134,,,0.8840759333333333,0.0523428793807789,,,30000,0.0003,1787978965.5437343,,45910.342146119,,0.0034618726931512356,,1830384.0,,x5j56e71,ethereal-sweep-5,d5_full_soft_noPred
2151,,,0.88320168,0.06707966643525805,,,30000,0.0003,1787979314.5346673,,46259.335595892,,0.0028261139523237944,,1844188.0,,x5j56e71,ethereal-sweep-5,d5_full_soft_noPred
2155,,,0.8828764,0.06826373087378464,,,30000,0.0003,1787979442.6595232,,46387.465537145,,0.004243974108248949,,1849324.0,,x5j56e71,ethereal-sweep-5,d5_full_soft_noPred
2187,,,0.88121656,0.07063211112307546,,,30000,0.0003,1787980100.2624776,,47045.060654216,,0.0051625496707856655,,1875532.0,,x5j56e71,ethereal-sweep-5,d5_full_soft_noPred
2205,,,0.88017764,0.055086054655868265,,,30000,0.0003,1787980508.0811381,,47452.880165639,,0.002635206561535597,,1891936.0,,x5j56e71,ethereal-sweep-5,d5_full_soft_noPred
2211,,,0.8798928933333333,0.04314694641812365,,,30000,0.0003,1787980620.638439,,47565.435038632,,0.002124644350260496,,1896432.0,,x5j56e71,ethereal-sweep-5,d5_full_soft_noPred
2217,,,0.8795982666666666,0.06928567855939606,,,30000,0.0003,1787980738.057964,,47682.857585648,,0.0027759880758821964,,1901084.0,,x5j56e71,ethereal-sweep-5,d5_full_soft_noPred
2217,,,0.8795797733333334,0.06031815495526013,,,30000,0.0003,1787980745.4457996,,47690.240927308,,0.003571232780814171,,1901376.0,,x5j56e71,ethereal-sweep-5,d5_full_soft_noPred
2233,,,0.87863408,0.07730656185095823,,,30000,0.0003,1787981119.2624936,,48064.059560585,,0.0049507152289152145,,1916308.0,,x5j56e71,ethereal-sweep-5,d5_full_soft_noPred
2249,,,0.8778454533333334,0.0689700262031605,,,30000,0.0003,1787981429.794415,,48374.593824865,,0.005316875874996185,,1928760.0,,x5j56e71,ethereal-sweep-5,d5_full_soft_noPred
2299,,,0.8750159733333334,0.026913145296667766,,,30000,0.0003,1787982542.1295333,,49486.930393264,,0.001567767933011055,,1973436.0,,x5j56e71,ethereal-sweep-5,d5_full_soft_noPred
2310,,,0.8744690266666666,0.07675612381832277,,,30000,0.0003,1787982758.4782248,,49703.273674781,,0.005604604259133339,,1982072.0,,x5j56e71,ethereal-sweep-5,d5_full_soft_noPred
2331,,,0.873289,0.05348562634767759,,,30000,0.0003,1787983222.938159,,50167.743240735,,0.0022893170826137066,,2000704.0,,x5j56e71,ethereal-sweep-5,d5_full_soft_noPred
2335,,,0.8730832933333333,0.05163150510025372,,,30000,0.0003,1787983303.9315448,,50248.712090443,,0.0028042288031429052,,2003952.0,,x5j56e71,ethereal-sweep-5,d5_full_soft_noPred
2420,,,0.8683943466666667,0.0615281697043249,,,30000,0.0003,1787985149.476023,,52094.273451663,,0.003407342592254281,,2077988.0,,x5j56e71,ethereal-sweep-5,d5_full_soft_noPred
2436,,,0.8675408666666666,0.04641977183449734,,,30000,0.0003,1787985486.2346325,,52431.021317262,,0.0021334048360586166,,2091464.0,,x5j56e71,ethereal-sweep-5,d5_full_soft_noPred
2438,,,0.8673361733333333,0.04483462132159045,,,30000,0.0003,1787985567.610181,,52512.457658183,,0.00292967795394361,,2094696.0,,x5j56e71,ethereal-sweep-5,d5_full_soft_noPred
2459,,,0.8662463333333333,0.03286999358777502,,,30000,0.0003,1787985993.2469842,,52938.043423717,,0.0018556301947683096,,2111904.0,,x5j56e71,ethereal-sweep-5,d5_full_soft_noPred
2468,,,0.86580148,0.04033041933696772,,,30000,0.0003,1787986167.4057736,,53112.201127162,,0.0022601746022701263,,2118928.0,,x5j56e71,ethereal-sweep-5,d5_full_soft_noPred
2501,,,0.8639693733333333,0.039293161646258234,,,30000,0.0003,1787986889.590591,,53834.392114392,,0.001834026537835598,,2147856.0,,x5j56e71,ethereal-sweep-5,d5_full_soft_noPred
2605,,,0.8583772933333333,0.04628995361260047,,,30000,0.0003,1787989087.2280185,,56032.032829613,,0.0023670147638767958,,2236152.0,,x5j56e71,ethereal-sweep-5,d5_full_soft_noPred
2662,,,0.8552255733333334,0.03853410281396656,,,30000,0.0003,1787990331.7660875,,57276.599657601,,0.0017349820118397474,,2285916.0,,x5j56e71,ethereal-sweep-5,d5_full_soft_noPred
2666,,,0.8550829466666667,0.023810595504388427,,,30000,0.0003,1787990387.857155,,57332.649731976,,0.0011776960454881191,,2288168.0,,x5j56e71,ethereal-sweep-5,d5_full_soft_noPred
2719,,,0.8521627733333333,0.07778381042553031,,,30000,0.0003,1787991535.5631554,,58480.360628847,,0.0038843066431581974,,2334276.0,,x5j56e71,ethereal-sweep-5,d5_full_soft_noPred
2730,,,0.8515828933333334,0.029261251765275307,,,30000,0.0003,1787991761.9504683,,58706.746634947,,0.001467971713282168,,2343432.0,,x5j56e71,ethereal-sweep-5,d5_full_soft_noPred
2746,,,0.8506425200000001,0.03729268178274063,,,30000,0.0003,1787992129.6072052,,59074.405644046,,0.0021582453045994043,,2358280.0,,x5j56e71,ethereal-sweep-5,d5_full_soft_noPred
2766,,,0.8495129066666667,0.052375939317620884,,,30000,0.0003,1787992573.2705438,,59518.065542954,,0.003385848132893443,,2376116.0,,x5j56e71,ethereal-sweep-5,d5_full_soft_noPred
2774,,,0.8491714133333333,0.05867531764763161,,,30000,0.0003,1787992706.2464848,,59651.053317641,,0.0034122983925044537,,2381508.0,,x5j56e71,ethereal-sweep-5,d5_full_soft_noPred
2800,,,0.8477790933333333,0.029477739731787182,,,30000,0.0003,1787993254.5063643,,60199.28006988,,0.00233842502348125,,2403492.0,,x5j56e71,ethereal-sweep-5,d5_full_soft_noPred
2801,,,0.8476805466666667,0.051557204130792136,,,30000,0.0003,1787993293.1107242,,60237.91672492,,0.003284882288426161,,2405048.0,,x5j56e71,ethereal-sweep-5,d5_full_soft_noPred
2823,,,0.8464316133333333,0.06282178305910575,,,30000,0.0003,1787993786.915168,,60731.722362263,,0.004142478108406067,,2424768.0,,x5j56e71,ethereal-sweep-5,d5_full_soft_noPred
2880,,,0.8433361333333333,0.04857414758072612,,,30000,0.0003,1787995004.2354445,,61949.035288481,,0.00250050937756896,,2473644.0,,x5j56e71,ethereal-sweep-5,d5_full_soft_noPred
2915,,,0.8414232133333334,0.02716135513090801,,,30000,0.0003,1787995757.626666,,62702.404197446,,0.00159653730224818,,2503848.0,,x5j56e71,ethereal-sweep-5,d5_full_soft_noPred
3042,,,0.8343544533333334,0.07954764486547208,,,30000,0.0003,1787998541.6757243,,65486.467917141,,0.005349372513592243,,2615460.0,,x5j56e71,ethereal-sweep-5,d5_full_soft_noPred
3044,,,0.83426528,0.06844220560623088,,,30000,0.0003,1787998576.7099984,,65521.504019658,,0.005229504778981209,,2616868.0,,x5j56e71,ethereal-sweep-5,d5_full_soft_noPred
3071,,,0.8327478133333334,0.05948257922569536,,,30000,0.0003,1787999176.4698179,,66121.268479882,,0.004258465953171253,,2640828.0,,x5j56e71,ethereal-sweep-5,d5_full_soft_noPred
3083,,,0.8320587466666667,0.07198873096030342,,,30000,0.0003,1787999448.370483,,66393.170495289,,0.005429472774267197,,2651708.0,,x5j56e71,ethereal-sweep-5,d5_full_soft_noPred
3086,,,0.8319234666666667,0.06202504553720742,,,30000,0.0003,1787999500.6583586,,66445.466637036,,0.0031805846374481916,,2653844.0,,x5j56e71,ethereal-sweep-5,d5_full_soft_noPred
3104,,,0.83099272,0.03919049714262558,,,30000,0.0003,1787999868.0918765,,66812.89147508,,0.002993652131408453,,2668540.0,,x5j56e71,ethereal-sweep-5,d5_full_soft_noPred
3125,,,0.8297660800000001,0.07683211843434033,,,30000,0.0003,1788000349.2105997,,67294.016347546,,0.00726741086691618,,2687908.0,,x5j56e71,ethereal-sweep-5,d5_full_soft_noPred
3190,,,0.8261956,0.04655100158363648,,,30000,0.0003,1788001758.9448671,,68703.788280194,,0.0025990004651248455,,2744284.0,,x5j56e71,ethereal-sweep-5,d5_full_soft_noPred
3199,,,0.8257710133333334,0.05136103090089495,,,30000,0.0003,1788001926.7755036,,68871.573609639,,0.0033747325651347637,,2750988.0,,x5j56e71,ethereal-sweep-5,d5_full_soft_noPred
3205,,,0.8254723333333334,0.043087278672907764,,,30000,0.0003,1788002044.2636833,,68989.060898189,,0.0024748453870415688,,2755704.0,,x5j56e71,ethereal-sweep-5,d5_full_soft_noPred
3253,,,0.8227963733333333,0.07019454036525984,,,30000,0.0003,1788003097.298951,,70042.091619285,,0.004348081536591053,,2797956.0,,x5j56e71,ethereal-sweep-5,d5_full_soft_noPred
3260,,,0.8223728,0.03773081547613094,,,30000,0.0003,1788003264.5020192,,70209.297883285,,0.0022726464085280895,,2804644.0,,x5j56e71,ethereal-sweep-5,d5_full_soft_noPred
3291,,,0.82070764,0.04815569185937403,,,30000,0.0003,1788003921.312688,,70866.099028653,,0.002997532021254301,,2830936.0,,x5j56e71,ethereal-sweep-5,d5_full_soft_noPred
3300,,,0.8201720933333334,0.05464148553736837,,,30000,0.0003,1788004131.8298388,,71076.626845089,,0.003810410387814045,,2839392.0,,x5j56e71,ethereal-sweep-5,d5_full_soft_noPred
3302,,,0.8201145866666667,0.08224418849726078,,,30000,0.0003,1788004155.1098034,,71099.909223769,,0.004761272110044956,,2840300.0,,x5j56e71,ethereal-sweep-5,d5_full_soft_noPred
3306,,,0.8198863333333334,0.07176119671652828,,,30000,0.0003,1788004244.7330008,,71189.520691418,,0.004068811424076557,,2843904.0,,x5j56e71,ethereal-sweep-5,d5_full_soft_noPred
3355,,,0.8171533733333334,0.0704960245979406,,,30000,0.0003,1788005324.69203,,72269.498921856,,0.004020118620246649,,2887056.0,,x5j56e71,ethereal-sweep-5,d5_full_soft_noPred
3387,,,0.8153810533333333,0.06932636477611995,,,30000,0.0003,1788006027.3471403,,72972.15527929,,0.003431681776419282,,2915040.0,,x5j56e71,ethereal-sweep-5,d5_full_soft_noPred
3397,,,0.8147684933333333,0.06411411994012875,,,30000,0.0003,1788006269.0886695,,73213.88721914,,0.004372194409370422,,2924712.0,,x5j56e71,ethereal-sweep-5,d5_full_soft_noPred
3400,,,0.8146983200000001,0.04758908653687706,,,30000,0.0003,1788006296.6965075,,73241.494578663,,0.002620029728859663,,2925820.0,,x5j56e71,ethereal-sweep-5,d5_full_soft_noPred
3425,,,0.81335464,0.04766313169112467,,,30000,0.0003,1788006826.4707751,,73771.289518998,,0.003291272558271885,,2947036.0,,x5j56e71,ethereal-sweep-5,d5_full_soft_noPred
3427,,,0.8131958,0.09360675678593593,,,30000,0.0003,1788006889.0210853,,73833.818550254,,0.004047339782118797,,2949544.0,,x5j56e71,ethereal-sweep-5,d5_full_soft_noPred
3428,,,0.8131453866666667,0.07475910324252408,,,30000,0.0003,1788006908.7306225,,73853.527082171,,0.006285506300628185,,2950340.0,,x5j56e71,ethereal-sweep-5,d5_full_soft_noPred
3458,,,0.81150936,0.04666926051338488,,,30000,0.0003,1788007555.7522068,,74500.550326408,,0.0032252955716103315,,2976172.0,,x5j56e71,ethereal-sweep-5,d5_full_soft_noPred
3471,,,0.8108322,0.06056910997272227,,,30000,0.0003,1788007824.8519506,,74769.65879818,,0.003747362643480301,,2986864.0,,x5j56e71,ethereal-sweep-5,d5_full_soft_noPred
3474,,,0.8107133866666667,0.06595523875302171,,,30000,0.0003,1788007871.6608474,,74816.457885226,,0.00453149015083909,,2988740.0,,x5j56e71,ethereal-sweep-5,d5_full_soft_noPred
3478,,,0.8105102133333334,0.05376335059117647,,,30000,0.0003,1788007952.248831,,74897.010134808,,0.0037779822014272213,,2991948.0,,x5j56e71,ethereal-sweep-5,d5_full_soft_noPred
3502,,,0.8091665333333333,0.04120582540722414,,,30000,0.0003,1788008485.0843136,,75429.890061547,,0.0023668494541198015,,3013164.0,,x5j56e71,ethereal-sweep-5,d5_full_soft_noPred
3529,,,0.8076657866666667,0.05117578742648018,,,30000,0.0003,1788009077.9565783,,76022.755199318,,0.0031629083678126335,,3036860.0,,x5j56e71,ethereal-sweep-5,d5_full_soft_noPred
3547,,,0.8067251599999999,0.08011864847437049,,,30000,0.0003,1788009451.008685,,76395.805775876,,0.004507760517299175,,3051712.0,,x5j56e71,ethereal-sweep-5,d5_full_soft_noPred
3552,,,0.8063654266666667,0.03467817566871939,,,30000,0.0003,1788009593.7765975,,76538.567604273,,0.0023236898705363274,,3057392.0,,x5j56e71,ethereal-sweep-5,d5_full_soft_noPred
3581,,,0.8048902666666666,0.04583684784175334,,,30000,0.0003,1788010180.940997,,77125.746612545,,0.0033486837055534124,,3080684.0,,x5j56e71,ethereal-sweep-5,d5_full_soft_noPred
3598,,,0.8038472933333333,0.05148679632428249,,,30000,0.0003,1788010594.4637625,,77539.257307496,,0.003112899139523506,,3097152.0,,x5j56e71,ethereal-sweep-5,d5_full_soft_noPred
3601,,,0.8038052400000001,0.051450746226411055,,,30000,0.0003,1788010611.2528338,,77556.051888249,,0.003624154254794121,,3097816.0,,x5j56e71,ethereal-sweep-5,d5_full_soft_noPred
3605,,,0.8035458266666666,0.05282936536971906,,,30000,0.0003,1788010714.2156405,,77659.001842729,,0.003237568773329258,,3101912.0,,x5j56e71,ethereal-sweep-5,d5_full_soft_noPred
3634,,,0.8019457733333334,0.06929700819375402,,,30000,0.0003,1788011350.2974243,,78295.143746359,,0.004287234507501125,,3127176.0,,x5j56e71,ethereal-sweep-5,d5_full_soft_noPred
3636,,,0.8018538133333334,0.06500327833910523,,,30000,0.0003,1788011386.0587728,,78330.862751719,,0.0038508628495037556,,3128628.0,,x5j56e71,ethereal-sweep-5,d5_full_soft_noPred
3657,,,0.8006973466666667,0.061794849431047474,,,30000,0.0003,1788011845.2047493,,78789.962195902,,0.0038863932713866234,,3146888.0,,x5j56e71,ethereal-sweep-5,d5_full_soft_noPred
3672,,,0.7999158133333333,0.08059965842263864,,,30000,0.0003,1788012157.0361538,,79101.834076274,,0.005214907228946686,,3159228.0,,x5j56e71,ethereal-sweep-5,d5_full_soft_noPred
3680,,,0.7994689333333334,0.048675273862652656,,,30000,0.0003,1788012334.8098712,,79279.608388333,,0.0033252190332859755,,3166284.0,,x5j56e71,ethereal-sweep-5,d5_full_soft_noPred
3722,,,0.7971853866666667,0.079548730288318,,,30000,0.0003,1788013233.4189446,,80178.21855782,,0.00452433992177248,,3202340.0,,x5j56e71,ethereal-sweep-5,d5_full_soft_noPred
3731,,,0.7967081066666667,0.06414572437390743,,,30000,0.0003,1788013420.02059,,80364.813082794,,0.0028581605292856693,,3209876.0,,x5j56e71,ethereal-sweep-5,d5_full_soft_noPred
3749,,,0.7957183333333334,0.022784527802549158,,,30000,0.0003,1788013809.2025669,,80754.007738813,,0.001556637929752469,,3225504.0,,x5j56e71,ethereal-sweep-5,d5_full_soft_noPred
3753,,,0.7955149066666666,0.03681412997585654,,,30000,0.0003,1788013889.98833,,80834.785231451,,0.0024923295713961124,,3228716.0,,x5j56e71,ethereal-sweep-5,d5_full_soft_noPred
3756,,,0.79536772,0.07051864456293927,,,30000,0.0003,1788013947.4970882,,80892.280483065,,0.003974646329879761,,3231040.0,,x5j56e71,ethereal-sweep-5,d5_full_soft_noPred
3787,,,0.7936336533333334,0.04990951083676148,,,30000,0.0003,1788014632.0645628,,81576.867758011,,0.00350173213519156,,3258420.0,,x5j56e71,ethereal-sweep-5,d5_full_soft_noPred
3792,,,0.79336056,0.10339752230290103,,,30000,0.0003,1788014739.4771383,,81684.275061511,,0.005983905866742134,,3262732.0,,x5j56e71,ethereal-sweep-5,d5_full_soft_noPred
3793,,,0.7932954533333333,0.10123270085691385,,,30000,0.0003,1788014765.8170476,,81710.614033048,,0.006090724375098944,,3263760.0,,x5j56e71,ethereal-sweep-5,d5_full_soft_noPred
3798,,,0.7930730266666667,0.07921606402816006,,,30000,0.0003,1788014853.7502716,,81798.59002434,,0.004034837707877159,,3267272.0,,x5j56e71,ethereal-sweep-5,d5_full_soft_noPred
3818,,,0.7920087733333333,0.06932254120165987,,,30000,0.0003,1788015276.2573252,,82221.111950861,,0.0043724412098526955,,3284076.0,,x5j56e71,ethereal-sweep-5,d5_full_soft_noPred
3827,,,0.7914826,0.06395180375759792,,,30000,0.0003,1788015485.3486595,,82430.152125258,,0.003736617974936962,,3292384.0,,x5j56e71,ethereal-sweep-5,d5_full_soft_noPred
3833,,,0.7911651733333334,0.07254741188271996,,,30000,0.0003,1788015610.9361537,,82555.731131638,,0.004473601933568716,,3297396.0,,x5j56e71,ethereal-sweep-5,d5_full_soft_noPred
3849,,,0.7902980133333333,0.0685526290521466,,,30000,0.0003,1788015953.2602184,,82898.06959905,,0.004494541324675083,,3311088.0,,x5j56e71,ethereal-sweep-5,d5_full_soft_noPred
3850,,,0.7901759066666667,0.07577194442975603,,,30000,0.0003,1788016001.5276508,,82946.348325059,,0.004036499187350273,,3313016.0,,x5j56e71,ethereal-sweep-5,d5_full_soft_noPred
3855,,,0.7899056,0.09666928338160062,,,30000,0.0003,1788016107.56412,,83052.361626224,,0.0029994535725563765,,3317284.0,,x5j56e71,ethereal-sweep-5,d5_full_soft_noPred
3873,,,0.7889398933333334,0.08679493024529675,,,30000,0.0003,1788016487.034961,,83431.831911882,,0.004666736349463463,,3332532.0,,x5j56e71,ethereal-sweep-5,d5_full_soft_noPred
3888,,,0.78811124,0.06387950365129606,,,30000,0.0003,1788016812.9280999,,83757.726424403,,0.003574912901967764,,3345616.0,,x5j56e71,ethereal-sweep-5,d5_full_soft_noPred
3895,,,0.7877401066666666,0.06838789590121268,,,30000,0.0003,1788016957.9451268,,83902.74988899,,0.004686312284320593,,3351476.0,,x5j56e71,ethereal-sweep-5,d5_full_soft_noPred
3912,,,0.78673792,0.042423873056232325,,,30000,0.0003,1788017354.1754901,,84298.975109153,,0.002732669934630394,,3367300.0,,x5j56e71,ethereal-sweep-5,d5_full_soft_noPred
3928,,,0.7859003999999999,0.06955145854989697,,,30000,0.0003,1788017685.227253,,84630.011117173,,0.0038286042399704456,,3380524.0,,x5j56e71,ethereal-sweep-5,d5_full_soft_noPred
3930,,,0.7858261733333334,0.06804147194374087,,,30000,0.0003,1788017714.1936526,,84658.988296868,,0.004013121593743563,,3381696.0,,x5j56e71,ethereal-sweep-5,d5_full_soft_noPred
4021,,,0.7809013733333333,0.04607642169864411,,,30000,0.0003,1788019663.0539098,,86607.853298469,,0.0027776029892265797,,3459456.0,,x5j56e71,ethereal-sweep-5,d5_full_soft_noPred
4078,,,0.77771976,0.07676653557007189,,,30000,0.0003,1788020919.986493,,87864.791193074,,0.005342758260667324,,3509692.0,,x5j56e71,ethereal-sweep-5,d5_full_soft_noPred
4079,,,0.7776483200000001,0.09856340368173394,,,30000,0.0003,1788020948.812422,,87893.611161081,,0.006046283524483442,,3510820.0,,x5j56e71,ethereal-sweep-5,d5_full_soft_noPred
4101,,,0.77651592,0.057824085565932264,,,30000,0.0003,1788021397.2989593,,88342.107637427,,0.004492523148655891,,3528700.0,,x5j56e71,ethereal-sweep-5,d5_full_soft_noPred
4109,,,0.7760079866666667,0.07858810716552021,,,30000,0.0003,1788021596.3933163,,88541.189650326,,0.003889048006385565,,3536720.0,,x5j56e71,ethereal-sweep-5,d5_full_soft_noPred
4139,,,0.7743686666666667,0.061520661799608016,,,30000,0.0003,1788022192.412125,,89137.18159277,,0.004952522460371256,,3562604.0,,x5j56e71,ethereal-sweep-5,d5_full_soft_noPred
4146,,,0.7740775866666667,0.06715909973795149,,,30000,0.0003,1788022292.405218,,89237.192825809,,0.0032067899592220783,,3567200.0,,x5j56e71,ethereal-sweep-5,d5_full_soft_noPred
4194,,,0.7714069466666666,0.06250359960715318,,,30000,0.0003,1788023209.6733162,,90154.460149703,,0.004298399202525616,,3609368.0,,x5j56e71,ethereal-sweep-5,d5_full_soft_noPred
4198,,,0.7711640000000001,0.0748671331828973,,,30000,0.0003,1788023293.1458507,,90237.933016651,,0.00433146208524704,,3613204.0,,x5j56e71,ethereal-sweep-5,d5_full_soft_noPred
