train/epsilon,episode/goal_reward,_runtime,episode/total_reward,_timestamp,train/episode,episode/tracking_reward,episode/actions_down,_step,episode/actions_up,episode/clipped_reward,train/buffer_size,episode/action_all,episode/actions_neutral,train/grad_norm,train/learning_rate,train/loss,run_id,run_name,group
0.9998044266666667,,48.95561718,,1787933099.5564933,1,,,3092.0,,,3082,,,0.057248515545950306,0.0003,0.017300229519605637,36c2lv5c,fast-sweep-3,d5_full_hard_noPred
0.9997717466666667,,62.645992637,,1787933113.2777822,3,,,3608.0,,,3594,,,0.0790867044694994,0.0003,0.02384050190448761,36c2lv5c,fast-sweep-3,d5_full_hard_noPred
0.99850964,,562.358124593,,1787933612.9697042,25,,,23536.0,,,23479,,,0.020205844909156848,0.0003,0.0442916676402092,36c2lv5c,fast-sweep-3,d5_full_hard_noPred
0.9978043600000001,,840.040645539,,1787933890.657534,39,,,34672.0,,,30000,,,0.04822148978345233,0.0003,0.014309033751487732,36c2lv5c,fast-sweep-3,d5_full_hard_noPred
0.99709832,,1122.113811779,,1787934172.725445,52,,,45820.0,,,30000,,,0.025171213058928367,0.0003,0.0032095792703330517,36c2lv5c,fast-sweep-3,d5_full_hard_noPred
0.99663396,,1304.991595268,,1787934355.6076455,60,,,53152.0,,,30000,,,0.015006746966995855,0.0003,0.0019173878245055676,36c2lv5c,fast-sweep-3,d5_full_hard_noPred
0.9961070266666666,,1514.367178804,,1787934564.9980829,70,,,61472.0,,,30000,,,0.021581612993340257,0.0003,0.0012657179031521082,36c2lv5c,fast-sweep-3,d5_full_hard_noPred
0.99386376,,2396.432910198,,1787935447.042871,113,,,96892.0,,,30000,,,0.020578803080586103,0.0003,0.0006380538106895983,36c2lv5c,fast-sweep-3,d5_full_hard_noPred
0.9914806533333334,,3338.254324458,,1787936388.8862493,157,,,134520.0,,,30000,,,0.05699451791085446,0.0003,0.0030766348354518414,36c2lv5c,fast-sweep-3,d5_full_hard_noPred
0.9913094,,3405.540329067,,1787936456.1723442,160,,,137224.0,,,30000,,,0.06193922096419903,0.0003,0.0026885471306741238,36c2lv5c,fast-sweep-3,d5_full_hard_noPred
0.9885789733333333,,4474.784603427,,1787937525.3998933,211,,,180336.0,,,30000,,,0.04652781628678219,0.0003,0.0018559563905000687,36c2lv5c,fast-sweep-3,d5_full_hard_noPred
0.9879572933333334,,4719.669606836,,1787937770.297342,223,,,190152.0,,,30000,,,0.022158832065151096,0.0003,0.001232270966283977,36c2lv5c,fast-sweep-3,d5_full_hard_noPred
0.9868421199999999,,5158.037537954,,1787938208.6435466,244,,,207760.0,,,30000,,,0.0445815855865572,0.0003,0.00451636640354991,36c2lv5c,fast-sweep-3,d5_full_hard_noPred
0.9861249333333333,,5439.80665185,,1787938490.4138455,256,,,219084.0,,,30000,,,0.05880054620311408,0.0003,0.0033030989579856396,36c2lv5c,fast-sweep-3,d5_full_hard_noPred
0.9857915466666666,,5569.544944689,,1787938620.1908257,263,,,224348.0,,,30000,,,0.04231541728516075,0.0003,0.003086207201704383,36c2lv5c,fast-sweep-3,d5_full_hard_noPred
0.9846604133333334,,6015.257482673,,1787939065.8738701,284,,,242208.0,,,30000,,,0.03711474671998327,0.0003,0.004096908029168844,36c2lv5c,fast-sweep-3,d5_full_hard_noPred
0.9843642666666668,,6132.752764042,,1787939183.3884308,288,,,246884.0,,,30000,,,0.027311893577579807,0.0003,0.0028959305491298437,36c2lv5c,fast-sweep-3,d5_full_hard_noPred
0.98427712,,6167.031899722,,1787939217.6423433,292,,,248260.0,,,30000,,,0.02036151996207756,0.0003,0.0015222863294184208,36c2lv5c,fast-sweep-3,d5_full_hard_noPred
0.98387204,,6325.406334471,,1787939376.0111313,299,,,254656.0,,,30000,,,0.03916892764887497,0.0003,0.0038622603751719,36c2lv5c,fast-sweep-3,d5_full_hard_noPred
0.9828326133333334,,6734.082711221,,1787939784.6998148,318,,,271068.0,,,30000,,,0.018521097425662502,0.0003,0.001399608445353806,36c2lv5c,fast-sweep-3,d5_full_hard_noPred
0.98183296,,7120.551073862,,1787940171.1659853,336,,,286852.0,,,30000,,,0.03545071219571732,0.0003,0.0028524959925562143,36c2lv5c,fast-sweep-3,d5_full_hard_noPred
0.98012296,,7792.702165844,,1787940843.3155322,369,,,313852.0,,,30000,,,0.034931143230954385,0.0003,0.002379944082349539,36c2lv5c,fast-sweep-3,d5_full_hard_noPred
0.9792760666666667,,8126.433697663,,1787941177.05042,385,,,327224.0,,,30000,,,0.023758167249060377,0.0003,0.0012847528560087085,36c2lv5c,fast-sweep-3,d5_full_hard_noPred
0.97698112,,9028.136263562,,1787942078.7432468,427,,,363460.0,,,30000,,,0.03583250586664186,0.0003,0.002044434892013669,36c2lv5c,fast-sweep-3,d5_full_hard_noPred
0.9766482400000001,,9157.989330015,,1787942208.5622423,435,,,368716.0,,,30000,,,0.03773934671476408,0.0003,0.0022481814958155155,36c2lv5c,fast-sweep-3,d5_full_hard_noPred
0.9749957466666667,,9808.050764026,,1787942858.6551023,464,,,394808.0,,,30000,,,0.01868140162933447,0.0003,0.0013851376716047525,36c2lv5c,fast-sweep-3,d5_full_hard_noPred
0.9741176933333333,,10155.258374369,,1787943205.8724568,480,,,408672.0,,,30000,,,0.021952190217437915,0.0003,0.001234890427440405,36c2lv5c,fast-sweep-3,d5_full_hard_noPred
0.97355732,,10375.610485616,,1787943426.2234054,491,,,417520.0,,,30000,,,0.034315564240026145,0.0003,0.0027543671894818544,36c2lv5c,fast-sweep-3,d5_full_hard_noPred
0.9698695466666666,,11821.959373763,,1787944872.575544,561,,,475748.0,,,30000,,,0.02416177681872995,0.0003,0.0013528846902772784,36c2lv5c,fast-sweep-3,d5_full_hard_noPred
0.9691548933333334,,12104.819032873,,1787945155.388835,574,,,487032.0,,,30000,,,0.04486347228113247,0.0003,0.002508507575839758,36c2lv5c,fast-sweep-3,d5_full_hard_noPred
0.9669584933333334,-20.0,12969.250407832,-20.0,1787946019.8545208,614,0.0,25.0,521712.0,28.0,-1.0,30000,138.0,85.0,0.03453483809199292,0.0003,0.0019864256028085947,36c2lv5c,fast-sweep-3,d5_full_hard_noPred
0.9668865466666667,,12997.351037987,,1787946047.9700153,617,,,522848.0,,,30000,,,0.03087356204323098,0.0003,0.0017426253762096167,36c2lv5c,fast-sweep-3,d5_full_hard_noPred
0.9660371200000001,,13331.092767868,,1787946381.7227209,631,,,536260.0,,,30000,,,0.044138496147191175,0.0003,0.002581859938800335,36c2lv5c,fast-sweep-3,d5_full_hard_noPred
0.9659737866666667,,13355.950927639,,1787946406.5642521,633,,,537260.0,,,30000,,,0.04580272715796189,0.0003,0.0028778123669326305,36c2lv5c,fast-sweep-3,d5_full_hard_noPred
0.9653498266666667,,13602.155740277,,1787946652.769447,645,,,547112.0,,,30000,,,0.030168454332036652,0.0003,0.002547093201428652,36c2lv5c,fast-sweep-3,d5_full_hard_noPred
0.9636215866666666,,14282.913228605,,1787947333.5518534,677,,,574400.0,,,30000,,,0.038991380067067906,0.0003,0.0026156657841056585,36c2lv5c,fast-sweep-3,d5_full_hard_noPred
0.9626300400000001,,14678.132836242,,1787947728.7370448,696,,,590056.0,,,30000,,,0.05126436834767453,0.0003,0.0038144311401993036,36c2lv5c,fast-sweep-3,d5_full_hard_noPred
0.9624291466666667,,14757.134832483,,1787947807.698504,698,,,593228.0,,,30000,,,0.040458317156822875,0.0003,0.002573979552835226,36c2lv5c,fast-sweep-3,d5_full_hard_noPred
0.96170436,,15041.537953267,,1787948092.1549296,714,,,604672.0,,,30000,,,0.04049485354913079,0.0003,0.0022827661596238613,36c2lv5c,fast-sweep-3,d5_full_hard_noPred
0.9615705999999999,,15094.708939486,,1787948145.32275,715,,,606784.0,,,30000,,,0.034641804933887584,0.0003,0.0020323898643255234,36c2lv5c,fast-sweep-3,d5_full_hard_noPred
0.9573754,,16742.325661807,,1787949792.942709,794,,,673024.0,,,30000,,,0.0714571499690349,0.0003,0.0077688321471214294,36c2lv5c,fast-sweep-3,d5_full_hard_noPred
0.95615028,,17220.407632636,,1787950271.0202143,815,,,692368.0,,,30000,,,0.02751216303637188,0.0003,0.0013086318504065275,36c2lv5c,fast-sweep-3,d5_full_hard_noPred
0.9559957466666666,,17280.874774716,,1787950331.499747,819,,,694808.0,,,30000,,,0.023861522356942843,0.0003,0.0012912884121760726,36c2lv5c,fast-sweep-3,d5_full_hard_noPred
0.9559177200000001,,17311.502591615,,1787950362.115942,820,,,696040.0,,,30000,,,0.028515329502891755,0.0003,0.0018963017500936985,36c2lv5c,fast-sweep-3,d5_full_hard_noPred
0.9553021199999999,,17555.395779009,,1787950606.0012007,832,,,705760.0,,,30000,,,0.03214639931260102,0.0003,0.0030694426968693733,36c2lv5c,fast-sweep-3,d5_full_hard_noPred
0.9552441066666667,,17578.523727097,,1787950629.1389735,834,,,706676.0,,,30000,,,0.024777485500333554,0.0003,0.002565977396443486,36c2lv5c,fast-sweep-3,d5_full_hard_noPred
0.9535918666666666,,18226.435887656,,1787951277.0444226,863,,,732764.0,,,30000,,,0.023976056066486073,0.0003,0.0013158844085410237,36c2lv5c,fast-sweep-3,d5_full_hard_noPred
0.9521471066666667,,18798.505160439,,1787951849.130818,889,,,755576.0,,,30000,,,0.037836028150554896,0.0003,0.0023304778151214123,36c2lv5c,fast-sweep-3,d5_full_hard_noPred
0.9478412,,20500.388335568,,1787953550.996093,969,,,823564.0,,,30000,,,0.039426456548350655,0.0003,0.002568482654169202,36c2lv5c,fast-sweep-3,d5_full_hard_noPred
0.9474414400000001,,20658.489269266,,1787953709.1287487,977,,,829876.0,,,30000,,,0.03295572702867599,0.0003,0.00187241705134511,36c2lv5c,fast-sweep-3,d5_full_hard_noPred
0.9470383866666666,,20817.75043435,,1787953868.3628838,984,,,836240.0,,,30000,,,0.036596606835065625,0.0003,0.0024084255564957857,36c2lv5c,fast-sweep-3,d5_full_hard_noPred
0.9468027866666666,,20910.953731446,,1787953961.5769837,988,,,839960.0,,,30000,,,0.02886240264985134,0.0003,0.0016864200588315725,36c2lv5c,fast-sweep-3,d5_full_hard_noPred
0.9467480666666667,,20932.730278584,,1787953983.2885957,989,,,840824.0,,,30000,,,0.02890260028944839,0.0003,0.0016802775207906961,36c2lv5c,fast-sweep-3,d5_full_hard_noPred
0.94400396,,22018.023389814,,1787955068.650945,1040,,,884152.0,,,30000,,,0.02722241180136467,0.0003,0.0016027067322283983,36c2lv5c,fast-sweep-3,d5_full_hard_noPred
0.94312996,,22362.555654447,,1787955413.1733332,1057,,,897952.0,,,30000,,,0.040875470868385375,0.0003,0.004223409108817577,36c2lv5c,fast-sweep-3,d5_full_hard_noPred
0.94242696,,22637.89923608,,1787955688.5107107,1069,,,909052.0,,,30000,,,0.03285090635555375,0.0003,0.0019704876467585564,36c2lv5c,fast-sweep-3,d5_full_hard_noPred
0.9423666666666667,,22660.949204011,,1787955711.5593882,1071,,,910004.0,,,30000,,,0.03335055962652254,0.0003,0.0020038848742842674,36c2lv5c,fast-sweep-3,d5_full_hard_noPred
0.9395027333333333,,23791.746869772,,1787956842.3650253,1122,,,955224.0,,,30000,,,0.04301120783230667,0.0003,0.0024251770228147507,36c2lv5c,fast-sweep-3,d5_full_hard_noPred
0.9384964933333334,,24191.083462355,,1787957241.6906471,1141,,,971112.0,,,30000,,,0.02764357770218647,0.0003,0.0014888315927237272,36c2lv5c,fast-sweep-3,d5_full_hard_noPred
0.93760552,,24542.420408173,,1787957593.0454426,1157,,,985180.0,,,30000,,,0.03132839903643246,0.0003,0.0029898113571107388,36c2lv5c,fast-sweep-3,d5_full_hard_noPred
0.9359213599999999,,25205.867081468,,1787958256.4735782,1187,,,1011772.0,,,30000,,,0.022628553160330245,0.0003,0.0013467981480062008,36c2lv5c,fast-sweep-3,d5_full_hard_noPred
0.9352687733333334,,25461.16413232,,1787958511.7747953,1200,,,1022076.0,,,30000,,,0.021569120218704736,0.0003,0.0011328408727422357,36c2lv5c,fast-sweep-3,d5_full_hard_noPred
0.93502684,,25555.675182169,,1787958606.2925177,1205,,,1025896.0,,,30000,,,0.03380997365698173,0.0003,0.0026956412475556135,36c2lv5c,fast-sweep-3,d5_full_hard_noPred
0.9341194,,25911.29934392,,1787958961.916911,1222,,,1040224.0,,,30000,,,0.021280426611904574,0.0003,0.0012464411556720734,36c2lv5c,fast-sweep-3,d5_full_hard_noPred
0.93262144,,26503.626916361,,1787959554.2334971,1250,,,1063876.0,,,30000,,,0.027161143054747944,0.0003,0.0018358303932473063,36c2lv5c,fast-sweep-3,d5_full_hard_noPred
0.9320066,,26746.128938552,,1787959796.745895,1261,,,1073584.0,,,30000,,,0.025850464887870506,0.0003,0.0018334907945245504,36c2lv5c,fast-sweep-3,d5_full_hard_noPred
0.93142216,,26975.435666327,,1787960026.0481598,1270,,,1082812.0,,,30000,,,0.019111296057467544,0.0003,0.0012107808142900467,36c2lv5c,fast-sweep-3,d5_full_hard_noPred
0.93087344,,27190.625828705,,1787960241.2550733,1281,,,1091476.0,,,30000,,,0.031925440876099255,0.0003,0.0021919608116149902,36c2lv5c,fast-sweep-3,d5_full_hard_noPred
0.9295680133333334,,27707.003452616,,1787960757.616897,1303,,,1112088.0,,,30000,,,0.025836038678189503,0.0003,0.001149056013673544,36c2lv5c,fast-sweep-3,d5_full_hard_noPred
0.9277146266666667,,28439.704917487,,1787961490.3168967,1338,,,1141352.0,,,30000,,,0.03511612455248253,0.0003,0.0021466368343681097,36c2lv5c,fast-sweep-3,d5_full_hard_noPred
0.9270455733333334,,28700.555694127,,1787961751.1696453,1349,,,1151916.0,,,30000,,,0.025242086413544102,0.0003,0.0012623536167666316,36c2lv5c,fast-sweep-3,d5_full_hard_noPred
0.92461028,,29656.431904594,,1787962707.040814,1395,,,1190368.0,,,30000,,,0.03633198339866415,0.0003,0.0025712070055305958,36c2lv5c,fast-sweep-3,d5_full_hard_noPred
0.9233347466666667,,30154.830376044,,1787963205.4447427,1419,,,1210508.0,,,30000,,,0.03147746512628474,0.0003,0.0021165008656680584,36c2lv5c,fast-sweep-3,d5_full_hard_noPred
0.9215011200000001,,30874.896419332,,1787963925.5096674,1451,,,1239460.0,,,30000,,,0.02532839643627634,0.0003,0.0013846063520759344,36c2lv5c,fast-sweep-3,d5_full_hard_noPred
0.9194964933333334,,31665.968406534,,1787964716.5822299,1489,,,1271112.0,,,30000,,,0.02074100280673671,0.0003,0.0011979596456512809,36c2lv5c,fast-sweep-3,d5_full_hard_noPred
0.9192928133333333,,31745.737008896,,1787964796.3460948,1494,,,1274328.0,,,30000,,,0.03146338819179525,0.0003,0.0017438477370887995,36c2lv5c,fast-sweep-3,d5_full_hard_noPred
0.9174123200000001,,32487.354181583,,1787965537.9678338,1528,,,1304020.0,,,30000,,,0.023661432430406595,0.0003,0.0015978662995621562,36c2lv5c,fast-sweep-3,d5_full_hard_noPred
0.91697456,,32660.210517799,,1787965710.8422441,1536,,,1310932.0,,,30000,,,0.01870542074034802,0.0003,0.0012833860237151384,36c2lv5c,fast-sweep-3,d5_full_hard_noPred
0.91691832,,32681.705931349,,1787965732.3294985,1538,,,1311820.0,,,30000,,,0.029313246195954754,0.0003,0.00150200049392879,36c2lv5c,fast-sweep-3,d5_full_hard_noPred
0.9121452666666666,,34549.457069634,,1787967600.0748265,1623,,,1387184.0,,,30000,,,0.0270056133433426,0.0003,0.0015564783243462443,36c2lv5c,fast-sweep-3,d5_full_hard_noPred
0.9067257066666666,,36673.085993396,,1787969723.7010112,1722,,,1472756.0,,,30000,,,0.04147566246539884,0.0003,0.00268524675630033,36c2lv5c,fast-sweep-3,d5_full_hard_noPred
0.90638928,,36805.066195277,,1787969855.6847544,1728,,,1478068.0,,,30000,,,0.030645676696416484,0.0003,0.002410112414509058,36c2lv5c,fast-sweep-3,d5_full_hard_noPred
0.9037100266666667,,37854.513236089,,1787970905.1272414,1777,,,1520372.0,,,30000,,,0.0327066894253368,0.0003,0.002195158274844289,36c2lv5c,fast-sweep-3,d5_full_hard_noPred
0.9004438,,39134.341014465,,1787972184.9584017,1836,,,1571944.0,,,30000,,,0.019412725951265804,0.0003,0.0015989216044545174,36c2lv5c,fast-sweep-3,d5_full_hard_noPred
0.8996645466666666,,39439.226101301,,1787972489.8474786,1852,,,1584248.0,,,30000,,,0.02281472621904177,0.0003,0.0012182968202978373,36c2lv5c,fast-sweep-3,d5_full_hard_noPred
0.8993620666666667,,39557.707841583,,1787972608.3208897,1856,,,1589024.0,,,30000,,,0.03648808217485792,0.0003,0.002136842580512166,36c2lv5c,fast-sweep-3,d5_full_hard_noPred
0.8984652666666667,,39910.252334718,,1787972960.8767798,1873,,,1603184.0,,,30000,,,0.03598873243352038,0.0003,0.003346283221617341,36c2lv5c,fast-sweep-3,d5_full_hard_noPred
0.8971912533333333,,40409.394564757,,1787973460.0083861,1896,,,1623300.0,,,30000,,,0.0363057996577984,0.0003,0.0020777417812496424,36c2lv5c,fast-sweep-3,d5_full_hard_noPred
0.8967616,,40578.286601886,,1787973628.8967924,1904,,,1630084.0,,,30000,,,0.022688181945745164,0.0003,0.001340589253231883,36c2lv5c,fast-sweep-3,d5_full_hard_noPred
0.8954379333333333,,41096.695507055,,1787974147.315686,1928,,,1650984.0,,,30000,,,0.03611949943448966,0.0003,0.0022359914146363735,36c2lv5c,fast-sweep-3,d5_full_hard_noPred
0.8950521066666667,,41248.739289796,,1787974299.3043156,1934,,,1657076.0,,,30000,,,0.02344687329543314,0.0003,0.0014061415567994118,36c2lv5c,fast-sweep-3,d5_full_hard_noPred
0.89419964,,41581.218899197,,1787974631.8348527,1948,,,1670536.0,,,30000,,,0.022388276839892134,0.0003,0.0016962792724370956,36c2lv5c,fast-sweep-3,d5_full_hard_noPred
0.8929626133333334,-21.0,42063.417747228,-21.0,1787975114.0327103,1971,0.0,22.0,1690068.0,23.0,-1.0,30000,145.0,100.0,0.033235937324708996,0.0003,0.0020668157376348972,36c2lv5c,fast-sweep-3,d5_full_hard_noPred
0.8908186533333334,,42905.284870382,,1787975955.9064245,2012,,,1723920.0,,,30000,,,0.034306152838460745,0.0003,0.0019984974060207605,36c2lv5c,fast-sweep-3,d5_full_hard_noPred
0.8898595333333333,,43280.336583389,,1787976330.9559846,2029,,,1739064.0,,,30000,,,0.028363040038115805,0.0003,0.0016949025448411703,36c2lv5c,fast-sweep-3,d5_full_hard_noPred
0.8887722266666667,,43706.219894065,,1787976756.8374932,2048,,,1756232.0,,,30000,,,0.01821522896430348,0.0003,0.0009716726490296423,36c2lv5c,fast-sweep-3,d5_full_hard_noPred
0.88622952,,44700.402280447,,1787977751.0238647,2093,,,1796380.0,,,30000,,,0.024899536536642636,0.0003,0.0018903166055679321,36c2lv5c,fast-sweep-3,d5_full_hard_noPred
0.8840759333333333,,45543.754661093,,1787978594.3691678,2132,,,1830384.0,,,30000,,,0.032127257609749375,0.0003,0.002085896674543619,36c2lv5c,fast-sweep-3,d5_full_hard_noPred
0.88320168,,45886.684987947,,1787978937.293538,2148,,,1844188.0,,,30000,,,0.023662377723791955,0.0003,0.0016937253531068563,36c2lv5c,fast-sweep-3,d5_full_hard_noPred
0.8828764,,46014.228903686,,1787979064.8358955,2153,,,1849324.0,,,30000,,,0.03725433486382429,0.0003,0.0024171555414795876,36c2lv5c,fast-sweep-3,d5_full_hard_noPred
0.88121656,,46670.75628711,,1787979721.4107034,2184,,,1875532.0,,,30000,,,0.03497645912136382,0.0003,0.0023626182228326797,36c2lv5c,fast-sweep-3,d5_full_hard_noPred
0.88017764,,47079.508041229,,1787980130.134851,2204,,,1891936.0,,,30000,,,0.023358096867788773,0.0003,0.002056700177490711,36c2lv5c,fast-sweep-3,d5_full_hard_noPred
0.8798928933333333,,47189.259990925,,1787980239.8770957,2208,,,1896432.0,,,30000,,,0.028980003206107097,0.0003,0.0019141907105222344,36c2lv5c,fast-sweep-3,d5_full_hard_noPred
0.8795982666666666,,47303.96868662,,1787980354.5777988,2213,,,1901084.0,,,30000,,,0.0335888544922622,0.0003,0.0021014700178056955,36c2lv5c,fast-sweep-3,d5_full_hard_noPred
0.8795797733333334,,47311.209555612,,1787980361.8254445,2215,,,1901376.0,,,30000,,,0.02714053126229305,0.0003,0.0018959450535476208,36c2lv5c,fast-sweep-3,d5_full_hard_noPred
0.87863408,,47683.335068322,,1787980733.9425633,2231,,,1916308.0,,,30000,,,0.032763631964933725,0.0003,0.0020741375628858805,36c2lv5c,fast-sweep-3,d5_full_hard_noPred
0.8778454533333334,,47993.037073767,,1787981043.6551292,2245,,,1928760.0,,,30000,,,0.030166207127219343,0.0003,0.002109963446855545,36c2lv5c,fast-sweep-3,d5_full_hard_noPred
0.8750159733333334,,49098.341408915,,1787982148.9463031,2296,,,1973436.0,,,30000,,,0.03723462283321128,0.0003,0.0024287914857268333,36c2lv5c,fast-sweep-3,d5_full_hard_noPred
0.8744690266666666,,49312.219276748,,1787982362.834728,2305,,,1982072.0,,,30000,,,0.05429361021228067,0.0003,0.0029360968619585037,36c2lv5c,fast-sweep-3,d5_full_hard_noPred
0.873289,,49777.259619741,,1787982827.8747702,2325,,,2000704.0,,,30000,,,0.03338118304228387,0.0003,0.0021337615326046944,36c2lv5c,fast-sweep-3,d5_full_hard_noPred
0.8730832933333333,,49857.587717557,,1787982908.1669753,2329,,,2003952.0,,,30000,,,0.04171368746840776,0.0003,0.00253806309774518,36c2lv5c,fast-sweep-3,d5_full_hard_noPred
0.8683943466666667,,51692.20681805,,1787984742.8222957,2414,,,2077988.0,,,30000,,,0.03438571911335162,0.0003,0.002535842824727297,36c2lv5c,fast-sweep-3,d5_full_hard_noPred
0.8675408666666666,,52028.226958889,,1787985078.8478832,2430,,,2091464.0,,,30000,,,0.03700340944504867,0.0003,0.0030209319666028023,36c2lv5c,fast-sweep-3,d5_full_hard_noPred
0.8673361733333333,,52108.66510384,,1787985159.2851593,2434,,,2094696.0,,,30000,,,0.026051225857317284,0.0003,0.0017788006225600839,36c2lv5c,fast-sweep-3,d5_full_hard_noPred
0.8662463333333333,,52537.345116162,,1787985587.9521732,2454,,,2111904.0,,,30000,,,0.03905823630973314,0.0003,0.0026070072781294584,36c2lv5c,fast-sweep-3,d5_full_hard_noPred
0.86580148,,52710.679103793,,1787985761.2941039,2461,,,2118928.0,,,30000,,,0.03163546228393503,0.0003,0.002586374059319496,36c2lv5c,fast-sweep-3,d5_full_hard_noPred
0.8639693733333333,,53427.943900145,,1787986478.554523,2495,,,2147856.0,,,30000,,,0.05164057186970587,0.0003,0.0033557130955159664,36c2lv5c,fast-sweep-3,d5_full_hard_noPred
0.8583772933333333,,55619.444434579,,1787988670.060255,2597,,,2236152.0,,,30000,,,0.050321557928080456,0.0003,0.0035714074037969112,36c2lv5c,fast-sweep-3,d5_full_hard_noPred
0.8552255733333334,,56856.443518283,,1787989907.0619106,2653,,,2285916.0,,,30000,,,0.02734380661085152,0.0003,0.001703387824818492,36c2lv5c,fast-sweep-3,d5_full_hard_noPred
0.8550829466666667,,56912.287810714,,1787989962.9021957,2656,,,2288168.0,,,30000,,,0.04448777696189136,0.0003,0.002591860480606556,36c2lv5c,fast-sweep-3,d5_full_hard_noPred
0.8521627733333333,,58053.893416225,,1787991104.5164523,2708,,,2334276.0,,,30000,,,0.041705011176529166,0.0003,0.0028986670076847076,36c2lv5c,fast-sweep-3,d5_full_hard_noPred
0.8515828933333334,,58282.116870238,,1787991332.7301362,2717,,,2343432.0,,,30000,,,0.03700270557853993,0.0003,0.0034581487998366356,36c2lv5c,fast-sweep-3,d5_full_hard_noPred
0.8506425200000001,,58650.287955292,,1787991700.906017,2736,,,2358280.0,,,30000,,,0.026621903162940434,0.0003,0.0017961652483791113,36c2lv5c,fast-sweep-3,d5_full_hard_noPred
0.8495129066666667,,59090.494264309,,1787992141.1205802,2756,,,2376116.0,,,30000,,,0.02127402509462139,0.0003,0.0016632794868201017,36c2lv5c,fast-sweep-3,d5_full_hard_noPred
0.8491714133333333,,59224.106153459,,1787992274.7247708,2763,,,2381508.0,,,30000,,,0.02357133843836505,0.0003,0.0013069238048046827,36c2lv5c,fast-sweep-3,d5_full_hard_noPred
0.8477790933333333,,59766.968892375,,1787992817.5765955,2788,,,2403492.0,,,30000,,,0.04550358271217571,0.0003,0.004192855209112167,36c2lv5c,fast-sweep-3,d5_full_hard_noPred
0.8476805466666667,,59805.678392033,,1787992856.2895682,2790,,,2405048.0,,,30000,,,0.03612780756185637,0.0003,0.0028444798663258553,36c2lv5c,fast-sweep-3,d5_full_hard_noPred
0.8464316133333333,,60293.872048499,,1787993344.486787,2812,,,2424768.0,,,30000,,,0.014423966028991335,0.0003,0.0008059163228608668,36c2lv5c,fast-sweep-3,d5_full_hard_noPred
0.8433361333333333,,61507.220499687,,1787994557.844342,2866,,,2473644.0,,,30000,,,0.03260987330000672,0.0003,0.0021372027695178986,36c2lv5c,fast-sweep-3,d5_full_hard_noPred
0.8414232133333334,,62255.769471674,,1787995306.3409963,2901,,,2503848.0,,,30000,,,0.016279129533176437,0.0003,0.001232481561601162,36c2lv5c,fast-sweep-3,d5_full_hard_noPred
0.8343544533333334,,65029.975392051,,1787998080.607348,3024,,,2615460.0,,,30000,,,0.025567325579957566,0.0003,0.0019087550463154912,36c2lv5c,fast-sweep-3,d5_full_hard_noPred
0.83426528,,65064.933091799,,1787998115.5588858,3026,,,2616868.0,,,30000,,,0.01955836623691224,0.0003,0.0011560460552573204,36c2lv5c,fast-sweep-3,d5_full_hard_noPred
0.8327478133333334,,65656.284428128,,1787998706.892256,3054,,,2640828.0,,,30000,,,0.03324231893744497,0.0003,0.0026131283957511187,36c2lv5c,fast-sweep-3,d5_full_hard_noPred
0.8320587466666667,,65927.499782969,,1787998978.1155474,3066,,,2651708.0,,,30000,,,0.02262084759652064,0.0003,0.0015179261099547148,36c2lv5c,fast-sweep-3,d5_full_hard_noPred
0.8319234666666667,,65979.737192219,,1787999030.3617961,3070,,,2653844.0,,,30000,,,0.04936981672696677,0.0003,0.0035352990962564945,36c2lv5c,fast-sweep-3,d5_full_hard_noPred
0.83099272,,66346.255228834,,1787999396.8721454,3086,,,2668540.0,,,30000,,,0.034866887913700455,0.0003,0.0027400520630180836,36c2lv5c,fast-sweep-3,d5_full_hard_noPred
0.8297660800000001,,66826.955346481,,1787999877.5713642,3108,,,2687908.0,,,30000,,,0.04940460497224421,0.0003,0.002971382811665535,36c2lv5c,fast-sweep-3,d5_full_hard_noPred
0.8261956,,68221.146415446,,1788001271.7618344,3171,,,2744284.0,,,30000,,,0.02787685062420054,0.0003,0.0018607494421303272,36c2lv5c,fast-sweep-3,d5_full_hard_noPred
0.8257710133333334,,68387.75614267,,1788001438.372996,3178,,,2750988.0,,,30000,,,0.03250719984269915,0.0003,0.0021461285650730133,36c2lv5c,fast-sweep-3,d5_full_hard_noPred
0.8254723333333334,,68505.375518499,,1788001555.987596,3183,,,2755704.0,,,30000,,,0.04381584210073554,0.0003,0.004402548540383577,36c2lv5c,fast-sweep-3,d5_full_hard_noPred
0.8227963733333333,,69552.213766378,,1788002602.828798,3230,,,2797956.0,,,30000,,,0.030868085324682146,0.0003,0.0020261984318494797,36c2lv5c,fast-sweep-3,d5_full_hard_noPred
0.8223728,,69718.078833729,,1788002768.697228,3238,,,2804644.0,,,30000,,,0.03376819929008246,0.0003,0.0020576207898557186,36c2lv5c,fast-sweep-3,d5_full_hard_noPred
0.82070764,,70368.283515602,,1788003418.8967087,3269,,,2830936.0,,,30000,,,0.0319044022611725,0.0003,0.002102613914757967,36c2lv5c,fast-sweep-3,d5_full_hard_noPred
0.8201720933333334,,70577.865366495,,1788003628.4856057,3279,,,2839392.0,,,30000,,,0.03121019730052189,0.0003,0.001907518832013011,36c2lv5c,fast-sweep-3,d5_full_hard_noPred
0.8201145866666667,,70600.363253189,,1788003650.9963398,3279,,,2840300.0,,,30000,,,0.03403444267862259,0.0003,0.0024297174531966448,36c2lv5c,fast-sweep-3,d5_full_hard_noPred
0.8198863333333334,,70687.796536887,,1788003738.399882,3283,,,2843904.0,,,30000,,,0.029922813226181247,0.0003,0.001992398640140891,36c2lv5c,fast-sweep-3,d5_full_hard_noPred
0.8171533733333334,,71757.798573572,,1788004808.4050097,3330,,,2887056.0,,,30000,,,0.03903742546977701,0.0003,0.0031341942958533764,36c2lv5c,fast-sweep-3,d5_full_hard_noPred
0.8153810533333333,,72454.03357462,,1788005504.6415854,3362,,,2915040.0,,,30000,,,0.04065651905886019,0.0003,0.004269149620085955,36c2lv5c,fast-sweep-3,d5_full_hard_noPred
0.8147684933333333,,72696.869542146,,1788005747.4782517,3372,,,2924712.0,,,30000,,,0.019326531566151404,0.0003,0.0013713673688471317,36c2lv5c,fast-sweep-3,d5_full_hard_noPred
0.8146983200000001,,72724.735497106,,1788005775.3627179,3374,,,2925820.0,,,30000,,,0.04293089328732722,0.0003,0.0034985546953976154,36c2lv5c,fast-sweep-3,d5_full_hard_noPred
0.81335464,,73249.685492857,,1788006300.3019147,3399,,,2947036.0,,,30000,,,0.053820252610245645,0.0003,0.004515964072197676,36c2lv5c,fast-sweep-3,d5_full_hard_noPred
0.8131958,,73311.389496265,,1788006362.005552,3401,,,2949544.0,,,30000,,,0.03902227413720359,0.0003,0.0032194494269788265,36c2lv5c,fast-sweep-3,d5_full_hard_noPred
0.8131453866666667,,73331.167937782,,1788006381.7987804,3402,,,2950340.0,,,30000,,,0.04153007723414732,0.0003,0.0032763341441750526,36c2lv5c,fast-sweep-3,d5_full_hard_noPred
0.81150936,,73971.826185372,,1788007022.4334557,3432,,,2976172.0,,,30000,,,0.03300364606968364,0.0003,0.0023986464366316795,36c2lv5c,fast-sweep-3,d5_full_hard_noPred
0.8108322,,74236.093405651,,1788007286.7088308,3443,,,2986864.0,,,30000,,,0.0206556788961717,0.0003,0.0015235026367008686,36c2lv5c,fast-sweep-3,d5_full_hard_noPred
0.8107133866666667,,74281.789651234,,1788007332.3994453,3444,,,2988740.0,,,30000,,,0.04248382178615859,0.0003,0.0029185896273702383,36c2lv5c,fast-sweep-3,d5_full_hard_noPred
0.8105102133333334,,74362.698775308,,1788007413.315474,3448,,,2991948.0,,,30000,,,0.04035059604135247,0.0003,0.002977043157443404,36c2lv5c,fast-sweep-3,d5_full_hard_noPred
0.8091665333333333,,74890.919480565,,1788007941.5337667,3472,,,3013164.0,,,30000,,,0.036943841728204266,0.0003,0.0030880020931363106,36c2lv5c,fast-sweep-3,d5_full_hard_noPred
0.8076657866666667,,75481.219055189,,1788008531.8317027,3498,,,3036860.0,,,30000,,,0.050054452084178,0.0003,0.00366006582044065,36c2lv5c,fast-sweep-3,d5_full_hard_noPred
0.8067251599999999,,75850.424996333,,1788008901.0431042,3514,,,3051712.0,,,30000,,,0.04231313691379765,0.0003,0.0042039938271045685,36c2lv5c,fast-sweep-3,d5_full_hard_noPred
0.8063654266666667,,75992.019671443,,1788009042.6275182,3522,,,3057392.0,,,30000,,,0.04356030969934827,0.0003,0.003117011161521077,36c2lv5c,fast-sweep-3,d5_full_hard_noPred
0.8048902666666666,,76573.208782603,,1788009623.8178139,3546,,,3080684.0,,,30000,,,0.04023847600590448,0.0003,0.0033981013111770153,36c2lv5c,fast-sweep-3,d5_full_hard_noPred
0.8038472933333333,,76982.975670976,,1788010033.5916028,3565,,,3097152.0,,,30000,,,0.03411988147761547,0.0003,0.0021613596472889185,36c2lv5c,fast-sweep-3,d5_full_hard_noPred
0.8038052400000001,,77000.049982954,,1788010050.6561189,3565,,,3097816.0,,,30000,,,0.030324902444328717,0.0003,0.0021088726352900267,36c2lv5c,fast-sweep-3,d5_full_hard_noPred
0.8035458266666666,-21.0,77102.327424774,-21.0,1788010152.9299045,3570,0.0,23.0,3101912.0,19.0,-1.0,30000,131.0,89.0,0.025573968469818287,0.0003,0.001716481288895011,36c2lv5c,fast-sweep-3,d5_full_hard_noPred
0.8019457733333334,,77731.354467174,,1788010781.9868279,3599,,,3127176.0,,,30000,,,0.031214427467273164,0.0003,0.002134108217433095,36c2lv5c,fast-sweep-3,d5_full_hard_noPred
0.8018538133333334,,77767.899524443,,1788010818.5053833,3599,,,3128628.0,,,30000,,,0.041215615110555257,0.0003,0.0026170639321208,36c2lv5c,fast-sweep-3,d5_full_hard_noPred
0.8006973466666667,,78224.502211788,,1788011275.1173284,3620,,,3146888.0,,,30000,,,0.03909471766756638,0.0003,0.002598874270915985,36c2lv5c,fast-sweep-3,d5_full_hard_noPred
0.7999158133333333,,78529.442343755,,1788011580.0476184,3633,,,3159228.0,,,30000,,,0.059428066933836794,0.0003,0.004366271663457155,36c2lv5c,fast-sweep-3,d5_full_hard_noPred
0.7994689333333334,,78706.927661124,,1788011757.5030406,3640,,,3166284.0,,,30000,,,0.03879609125348495,0.0003,0.0031046655494719744,36c2lv5c,fast-sweep-3,d5_full_hard_noPred
0.7971853866666667,,79604.302277228,,1788012654.9082468,3680,,,3202340.0,,,30000,,,0.05423641649398122,0.0003,0.004750004969537258,36c2lv5c,fast-sweep-3,d5_full_hard_noPred
0.7967081066666667,,79790.667474931,,1788012841.290072,3690,,,3209876.0,,,30000,,,0.024694508568075563,0.0003,0.0018513321410864592,36c2lv5c,fast-sweep-3,d5_full_hard_noPred
0.7957183333333334,,80175.953816283,,1788013226.5694046,3707,,,3225504.0,,,30000,,,0.03112531752237994,0.0003,0.002215446438640356,36c2lv5c,fast-sweep-3,d5_full_hard_noPred
0.7955149066666666,,80256.318452201,,1788013306.9330318,3710,,,3228716.0,,,30000,,,0.021768027038741936,0.0003,0.0018152242992073298,36c2lv5c,fast-sweep-3,d5_full_hard_noPred
0.79536772,,80314.585393339,,1788013365.208906,3713,,,3231040.0,,,30000,,,0.02597827225960205,0.0003,0.0016568766441196203,36c2lv5c,fast-sweep-3,d5_full_hard_noPred
0.7936336533333334,,80989.821418558,,1788014040.437883,3743,,,3258420.0,,,30000,,,0.050050614412815095,0.0003,0.003326903562992811,36c2lv5c,fast-sweep-3,d5_full_hard_noPred
0.79336056,-21.0,81096.973154583,-21.0,1788014147.5932298,3747,0.0,24.0,3262732.0,21.0,-1.0,30000,132.0,87.0,0.0243851757186866,0.0003,0.0016607055440545082,36c2lv5c,fast-sweep-3,d5_full_hard_noPred
0.7932954533333333,,81122.016126692,,1788014172.6386712,3750,,,3263760.0,,,30000,,,0.038374597723291166,0.0003,0.0025228934828191996,36c2lv5c,fast-sweep-3,d5_full_hard_noPred
0.7930730266666667,,81208.182464249,,1788014258.7910118,3753,,,3267272.0,,,30000,,,0.06038786035418019,0.0003,0.007014972157776356,36c2lv5c,fast-sweep-3,d5_full_hard_noPred
0.7920087733333333,,81625.591830727,,1788014676.2066066,3772,,,3284076.0,,,30000,,,0.03535268115608897,0.0003,0.0024068783968687057,36c2lv5c,fast-sweep-3,d5_full_hard_noPred
0.7914826,,81832.988572203,,1788014883.5544145,3783,,,3292384.0,,,30000,,,0.0443279368624331,0.0003,0.0033739982172846794,36c2lv5c,fast-sweep-3,d5_full_hard_noPred
0.7911651733333334,,81956.6059073,,1788015007.1765184,3787,,,3297396.0,,,30000,,,0.06658097540788455,0.0003,0.007954845204949379,36c2lv5c,fast-sweep-3,d5_full_hard_noPred
0.7902980133333333,,82299.212271637,,1788015349.8338153,3803,,,3311088.0,,,30000,,,0.028761327015954498,0.0003,0.002104769926518202,36c2lv5c,fast-sweep-3,d5_full_hard_noPred
0.7901759066666667,,82347.839114591,,1788015398.457311,3806,,,3313016.0,,,30000,,,0.03637836515710239,0.0003,0.0026360340416431427,36c2lv5c,fast-sweep-3,d5_full_hard_noPred
0.7899056,,82454.2166543,,1788015504.8340154,3810,,,3317284.0,,,30000,,,0.03132789944799803,0.0003,0.0018195337615907192,36c2lv5c,fast-sweep-3,d5_full_hard_noPred
0.7889398933333334,,82834.356303481,,1788015884.9710138,3828,,,3332532.0,,,30000,,,0.04185706349390081,0.0003,0.003626432968303561,36c2lv5c,fast-sweep-3,d5_full_hard_noPred
0.78811124,,83157.651541662,,1788016208.2602553,3844,,,3345616.0,,,30000,,,0.042103204060386035,0.0003,0.0034152334555983543,36c2lv5c,fast-sweep-3,d5_full_hard_noPred
0.7877401066666666,,83301.389368025,,1788016352.0019479,3849,,,3351476.0,,,30000,,,0.03348158191987295,0.0003,0.0025078088510781527,36c2lv5c,fast-sweep-3,d5_full_hard_noPred
0.78673792,,83692.293635453,,1788016742.9104278,3867,,,3367300.0,,,30000,,,0.037198020797901264,0.0003,0.003309662453830242,36c2lv5c,fast-sweep-3,d5_full_hard_noPred
0.7859003999999999,,84020.450045745,,1788017071.087432,3882,,,3380524.0,,,30000,,,0.029827498985501577,0.0003,0.0022980812937021255,36c2lv5c,fast-sweep-3,d5_full_hard_noPred
0.7858261733333334,,84049.277654093,,1788017099.892107,3883,,,3381696.0,,,30000,,,0.03432192493609703,0.0003,0.002072645351290703,36c2lv5c,fast-sweep-3,d5_full_hard_noPred
0.7809013733333333,,85980.731251903,,1788019031.3480067,3970,,,3459456.0,,,30000,,,0.07484536416930629,0.0003,0.0060990434139966965,36c2lv5c,fast-sweep-3,d5_full_hard_noPred
0.77771976,,87230.321057875,,1788020280.9360545,4024,,,3509692.0,,,30000,,,0.03058863430328644,0.0003,0.0018927790224552155,36c2lv5c,fast-sweep-3,d5_full_hard_noPred
0.7776483200000001,,87257.93478319,,1788020308.5466962,4026,,,3510820.0,,,30000,,,0.0342108900753961,0.0003,0.0024289190769195557,36c2lv5c,fast-sweep-3,d5_full_hard_noPred
0.77651592,,87703.161119785,,1788020753.7886403,4046,,,3528700.0,,,30000,,,0.03865823218041128,0.0003,0.003203539876267314,36c2lv5c,fast-sweep-3,d5_full_hard_noPred
0.7760079866666667,,87905.085170389,,1788020955.671847,4055,,,3536720.0,,,30000,,,0.040534512571816506,0.0003,0.0036639105528593063,36c2lv5c,fast-sweep-3,d5_full_hard_noPred
0.7743686666666667,,88549.142076589,,1788021599.7555356,4083,,,3562604.0,,,30000,,,0.04104741118821391,0.0003,0.0032671703957021236,36c2lv5c,fast-sweep-3,d5_full_hard_noPred
0.7740775866666667,,88662.732747574,,1788021713.3546026,4089,,,3567200.0,,,30000,,,0.034615656925391924,0.0003,0.002772135892882943,36c2lv5c,fast-sweep-3,d5_full_hard_noPred
0.7714069466666666,,89595.356017427,,1788022645.9819732,4134,,,3609368.0,,,30000,,,0.032075123875265635,0.0003,0.0025923883076757193,36c2lv5c,fast-sweep-3,d5_full_hard_noPred
0.7711640000000001,,89678.325451501,,1788022728.9531324,4137,,,3613204.0,,,30000,,,0.03998522137564793,0.0003,0.002403238322585821,36c2lv5c,fast-sweep-3,d5_full_hard_noPred
