episode/goal_reward,episode/actions_neutral,train/learning_rate,episode/action_all,_runtime,_timestamp,train/episode,episode/tracking_reward,episode/total_reward,train/loss,episode/actions_up,_step,train/buffer_size,train/epsilon,episode/actions_down,train/grad_norm,episode/clipped_reward,run_id,run_name,group
,,0.0003,,45.692151751,1787933094.6354594,0,,,0.33858922123908997,,3092.0,3084,0.9998044266666667,,0.43304810837065655,,jg6p7o03,olive-sweep-2,baseline_full
,,0.0003,,59.699529991,1787933108.6668377,2,,,0.5019441246986389,,3608.0,3596,0.9997717466666667,,0.9552632803631396,,jg6p7o03,olive-sweep-2,baseline_full
,,0.0003,,563.803025988,1787933612.7632806,24,,,0.19407986104488373,,23536.0,23480,0.99850964,,0.4138287355940589,,jg6p7o03,olive-sweep-2,baseline_full
,,0.0003,,842.528544809,1787933891.4810843,36,,,0.1346171349287033,,34672.0,30000,0.9978043600000001,,0.2683416118182558,,jg6p7o03,olive-sweep-2,baseline_full
,,0.0003,,1124.848988726,1787934173.8178003,48,,,0.16346436738967896,,45820.0,30000,0.99709832,,0.47720299086150303,,jg6p7o03,olive-sweep-2,baseline_full
,,0.0003,,1310.038434317,1787934358.9940567,57,,,0.09620031714439392,,53152.0,30000,0.99663396,,0.30742594804147594,,jg6p7o03,olive-sweep-2,baseline_full
,,0.0003,,1520.033855852,1787934568.9973311,65,,,0.09903168678283691,,61472.0,30000,0.9961070266666666,,0.3028291971673703,,jg6p7o03,olive-sweep-2,baseline_full
,,0.0003,,2411.41921845,1787935460.3633657,103,,,0.10915851593017578,,96892.0,30000,0.99386376,,0.5700145865381998,,jg6p7o03,olive-sweep-2,baseline_full
,,0.0003,,3359.161864353,1787936408.1249151,145,,,0.13263648748397827,,134520.0,30000,0.9914806533333334,,0.7041578375056378,,jg6p7o03,olive-sweep-2,baseline_full
,,0.0003,,3426.956982361,1787936475.911439,147,,,0.07346117496490479,,137224.0,30000,0.9913094,,0.40846841729905253,,jg6p7o03,olive-sweep-2,baseline_full
,,0.0003,,4504.613945209,1787937553.5898125,191,,,0.08889669924974442,,180336.0,30000,0.9885789733333333,,0.5146888397944986,,jg6p7o03,olive-sweep-2,baseline_full
,,0.0003,,4750.383934173,1787937799.3440132,203,,,0.0924326479434967,,190152.0,30000,0.9879572933333334,,0.609601905846443,,jg6p7o03,olive-sweep-2,baseline_full
,,0.0003,,5192.051988016,1787938241.0121703,221,,,0.08734498918056488,,207760.0,30000,0.9868421199999999,,0.6908425328925033,,jg6p7o03,olive-sweep-2,baseline_full
,,0.0003,,5476.630524502,1787938525.588563,235,,,0.07293736934661865,,219084.0,30000,0.9861249333333333,,0.542860427874266,,jg6p7o03,olive-sweep-2,baseline_full
,,0.0003,,5607.82315365,1787938656.781033,239,,,0.0910036638379097,,224348.0,30000,0.9857915466666666,,0.8331974485435869,,jg6p7o03,olive-sweep-2,baseline_full
,,0.0003,,6056.889168353,1787939105.848992,259,,,0.08067778497934341,,242208.0,30000,0.9846604133333334,,0.6915958639097182,,jg6p7o03,olive-sweep-2,baseline_full
,,0.0003,,6175.086084518,1787939224.0460067,264,,,0.08735129237174988,,246884.0,30000,0.9843642666666668,,0.5100119318452832,,jg6p7o03,olive-sweep-2,baseline_full
,,0.0003,,6209.909108882,1787939258.867568,266,,,0.07741592824459076,,248260.0,30000,0.98427712,,0.4766782114250344,,jg6p7o03,olive-sweep-2,baseline_full
,,0.0003,,6368.285508855,1787939417.253928,273,,,0.09063021093606949,,254656.0,30000,0.98387204,,0.6795300052001944,,jg6p7o03,olive-sweep-2,baseline_full
,,0.0003,,6780.109630458,1787939829.0823677,291,,,0.06036423519253731,,271068.0,30000,0.9828326133333334,,0.5650014697157292,,jg6p7o03,olive-sweep-2,baseline_full
,,0.0003,,7169.819255018,1787940218.7804646,308,,,0.0762760192155838,,286852.0,30000,0.98183296,,0.6740761601066237,,jg6p7o03,olive-sweep-2,baseline_full
,,0.0003,,7849.413628094,1787940898.3942761,338,,,0.050533294677734375,,313852.0,30000,0.98012296,,0.3823910938078906,,jg6p7o03,olive-sweep-2,baseline_full
,,0.0003,,8186.196800185,1787941235.1610084,352,,,0.10804112255573273,,327224.0,30000,0.9792760666666667,,0.6146183973846342,,jg6p7o03,olive-sweep-2,baseline_full
,,0.0003,,9094.527883927,1787942143.488118,390,,,0.0512600839138031,,363460.0,30000,0.97698112,,0.4059192178274931,,jg6p7o03,olive-sweep-2,baseline_full
,,0.0003,,9227.256487225,1787942276.2182403,396,,,0.06715729832649231,,368716.0,30000,0.9766482400000001,,0.49787545107395254,,jg6p7o03,olive-sweep-2,baseline_full
,,0.0003,,9884.184693557,1787942933.1442306,424,,,0.05383661389350891,,394808.0,30000,0.9749957466666667,,0.37444448883974096,,jg6p7o03,olive-sweep-2,baseline_full
,,0.0003,,10233.202482216,1787943282.1659484,437,,,0.09054204821586609,,408672.0,30000,0.9741176933333333,,0.6493087528576796,,jg6p7o03,olive-sweep-2,baseline_full
,,0.0003,,10456.636002358,1787943505.6003187,446,,,0.18485037982463837,,417520.0,30000,0.97355732,,1.3244154021179415,,jg6p7o03,olive-sweep-2,baseline_full
,,0.0003,,11923.930320177,1787944972.8954644,509,,,0.10481560230255127,,475748.0,30000,0.9698695466666666,,1.8882349637365456,,jg6p7o03,olive-sweep-2,baseline_full
,,0.0003,,12208.89123742,1787945257.8513732,520,,,0.12480602413415909,,487032.0,30000,0.9691548933333334,,1.5671925965443732,,jg6p7o03,olive-sweep-2,baseline_full
,,0.0003,,13079.197093397,1787946128.1747303,558,,,0.11196701228618622,,521712.0,30000,0.9669584933333334,,1.543969022759389,,jg6p7o03,olive-sweep-2,baseline_full
,,0.0003,,13107.625658823,1787946156.5864823,558,,,0.09079954773187637,,522848.0,30000,0.9668865466666667,,0.8743576775927137,,jg6p7o03,olive-sweep-2,baseline_full
,,0.0003,,13445.60898288,1787946494.5727704,572,,,0.09964156150817871,,536260.0,30000,0.9660371200000001,,2.3334522233755663,,jg6p7o03,olive-sweep-2,baseline_full
,,0.0003,,13471.174029261,1787946520.137904,574,,,0.07410673797130585,,537260.0,30000,0.9659737866666667,,0.575031557036233,,jg6p7o03,olive-sweep-2,baseline_full
,,0.0003,,13717.676995732,1787946766.6311088,583,,,0.14196521043777466,,547112.0,30000,0.9653498266666667,,0.6879004522170933,,jg6p7o03,olive-sweep-2,baseline_full
,,0.0003,,14404.780357096,1787947453.7400918,611,,,0.10356150567531586,,574400.0,30000,0.9636215866666666,,0.8214133881370819,,jg6p7o03,olive-sweep-2,baseline_full
,,0.0003,,14802.179326191,1787947851.1427057,627,,,0.08590966463088989,,590056.0,30000,0.9626300400000001,,1.7726132499595366,,jg6p7o03,olive-sweep-2,baseline_full
,,0.0003,,14882.433592395,1787947931.4015052,630,,,0.06908342987298965,,593228.0,30000,0.9624291466666667,,0.7502582189488368,,jg6p7o03,olive-sweep-2,baseline_full
,,0.0003,,15171.023777006,1787948219.995008,642,,,0.08620171248912811,,604672.0,30000,0.96170436,,0.6087763020195046,,jg6p7o03,olive-sweep-2,baseline_full
,,0.0003,,15224.642419878,1787948273.6057074,644,,,0.07428701967000961,,606784.0,30000,0.9615705999999999,,0.5953233413375424,,jg6p7o03,olive-sweep-2,baseline_full
,,0.0003,,16890.545989288,1787949939.5123117,715,,,0.3291681408882141,,673024.0,30000,0.9573754,,1.1796860558458955,,jg6p7o03,olive-sweep-2,baseline_full
,,0.0003,,17375.895088512,1787950424.8809724,735,,,0.12029953300952911,,692368.0,30000,0.95615028,,0.7592506176444435,,jg6p7o03,olive-sweep-2,baseline_full
,,0.0003,,17436.71812627,1787950485.6746895,737,,,0.1424001157283783,,694808.0,30000,0.9559957466666666,,0.8661914877496975,,jg6p7o03,olive-sweep-2,baseline_full
,,0.0003,,17467.830286864,1787950516.7981915,739,,,0.08524981141090393,,696040.0,30000,0.9559177200000001,,0.6015131768850124,,jg6p7o03,olive-sweep-2,baseline_full
,,0.0003,,17713.517500188,1787950762.4787056,749,,,0.10943399369716644,,705760.0,30000,0.9553021199999999,,0.7123809343069581,,jg6p7o03,olive-sweep-2,baseline_full
,,0.0003,,17736.822047975,1787950785.7893212,749,,,0.19557693600654602,,706676.0,30000,0.9552441066666667,,0.8638714176315271,,jg6p7o03,olive-sweep-2,baseline_full
,,0.0003,,18392.738509541,1787951441.7011244,777,,,0.11244350671768188,,732764.0,30000,0.9535918666666666,,1.6312272025966406,,jg6p7o03,olive-sweep-2,baseline_full
,,0.0003,,18969.439578041,1787952018.39372,800,,,0.07637481391429901,,755576.0,30000,0.9521471066666667,,1.5556861103716533,,jg6p7o03,olive-sweep-2,baseline_full
,,0.0003,,20686.7242523,1787953735.6900268,869,,,0.0873524472117424,,823564.0,30000,0.9478412,,1.8177277941069623,,jg6p7o03,olive-sweep-2,baseline_full
,,0.0003,,20845.806867523,1787953894.722363,876,,,0.10475185513496399,,829876.0,30000,0.9474414400000001,,0.7869767536713358,,jg6p7o03,olive-sweep-2,baseline_full
,,0.0003,,21006.112661343,1787954055.0788713,882,,,0.14902356266975403,,836240.0,30000,0.9470383866666666,,1.1629902071652212,,jg6p7o03,olive-sweep-2,baseline_full
,,0.0003,,21098.174707053,1787954147.1325562,887,,,0.13940607011318207,,839960.0,30000,0.9468027866666666,,3.338207574771193,,jg6p7o03,olive-sweep-2,baseline_full
,,0.0003,,21120.018799091,1787954168.9844651,887,,,0.11423476040363312,,840824.0,30000,0.9467480666666667,,1.5479464348015883,,jg6p7o03,olive-sweep-2,baseline_full
,,0.0003,,22213.642851249,1787955262.604139,932,,,0.16245439648628235,,884152.0,30000,0.94400396,,1.1116591990413522,,jg6p7o03,olive-sweep-2,baseline_full
,,0.0003,,22561.070103213,1787955610.0519123,948,,,0.2981203496456146,,897952.0,30000,0.94312996,,1.5022184850786326,,jg6p7o03,olive-sweep-2,baseline_full
,,0.0003,,22839.168137826,1787955888.1241622,959,,,0.141591876745224,,909052.0,30000,0.94242696,,1.9326979379060085,,jg6p7o03,olive-sweep-2,baseline_full
,,0.0003,,22863.515252959,1787955912.4372885,960,,,0.09836409240961075,,910004.0,30000,0.9423666666666667,,1.5606710994693918,,jg6p7o03,olive-sweep-2,baseline_full
,,0.0003,,24002.889520679,1787957051.8467696,1006,,,0.10815238207578659,,955224.0,30000,0.9395027333333333,,1.0447376962660064,,jg6p7o03,olive-sweep-2,baseline_full
,,0.0003,,24405.058962586,1787957454.0186682,1023,,,0.07062653452157974,,971112.0,30000,0.9384964933333334,,1.975347512521953,,jg6p7o03,olive-sweep-2,baseline_full
,,0.0003,,24758.391090278,1787957807.3754144,1037,,,0.06760721653699875,,985180.0,30000,0.93760552,,0.9759324658540046,,jg6p7o03,olive-sweep-2,baseline_full
,,0.0003,,25428.69953923,1787958477.6645987,1065,,,0.13676387071609497,,1011772.0,30000,0.9359213599999999,,0.938446752615744,,jg6p7o03,olive-sweep-2,baseline_full
,,0.0003,,25686.152278829,1787958735.1110947,1075,,,0.13167491555213928,,1022076.0,30000,0.9352687733333334,,1.222921130017596,,jg6p7o03,olive-sweep-2,baseline_full
,,0.0003,,25781.189090157,1787958830.1586459,1079,,,0.356865793466568,,1025896.0,30000,0.93502684,,1.3203658987437257,,jg6p7o03,olive-sweep-2,baseline_full
,,0.0003,,26143.397588884,1787959192.3829186,1094,,,0.09414073824882507,,1040224.0,30000,0.9341194,,1.538634047304264,,jg6p7o03,olive-sweep-2,baseline_full
,,0.0003,,26739.534524698,1787959788.4971387,1119,,,0.15372860431671143,,1063876.0,30000,0.93262144,,1.6319542338073343,,jg6p7o03,olive-sweep-2,baseline_full
,,0.0003,,26983.474571039,1787960032.4384367,1128,,,0.13406535983085632,,1073584.0,30000,0.9320066,,1.1677519720718181,,jg6p7o03,olive-sweep-2,baseline_full
,,0.0003,,27214.351824187,1787960263.3175294,1138,,,0.1659037172794342,,1082812.0,30000,0.93142216,,3.9918240278688484,,jg6p7o03,olive-sweep-2,baseline_full
,,0.0003,,27433.055030159,1787960482.0291255,1146,,,0.27769723534584045,,1091476.0,30000,0.93087344,,1.7731061969717818,,jg6p7o03,olive-sweep-2,baseline_full
,,0.0003,,27950.977671025,1787960999.939202,1169,,,0.12735842168331146,,1112088.0,30000,0.9295680133333334,,2.553825007010186,,jg6p7o03,olive-sweep-2,baseline_full
,,0.0003,,28686.130849962,1787961735.0961103,1198,,,0.13597138226032257,,1141352.0,30000,0.9277146266666667,,2.854733909129495,,jg6p7o03,olive-sweep-2,baseline_full
,,0.0003,,28950.500090984,1787961999.4548378,1209,,,0.09112229943275452,,1151916.0,30000,0.9270455733333334,,0.764294770489168,,jg6p7o03,olive-sweep-2,baseline_full
,,0.0003,,29917.265364005,1787962966.2254076,1250,,,0.14130066335201263,,1190368.0,30000,0.92461028,,1.11378549605304,,jg6p7o03,olive-sweep-2,baseline_full
,,0.0003,,30418.661673395,1787963467.6361732,1270,,,0.0953851044178009,,1210508.0,30000,0.9233347466666667,,2.0192037007987738,,jg6p7o03,olive-sweep-2,baseline_full
,,0.0003,,31148.069132648,1787964197.0335102,1300,,,0.10140418261289597,,1239460.0,30000,0.9215011200000001,,2.3323907911108064,,jg6p7o03,olive-sweep-2,baseline_full
,,0.0003,,31944.144634431,1787964993.1016524,1332,,,0.13882701098918915,,1271112.0,30000,0.9194964933333334,,1.3233865148265196,,jg6p7o03,olive-sweep-2,baseline_full
,,0.0003,,32026.049152464,1787965075.0183575,1336,,,0.16578863561153412,,1274328.0,30000,0.9192928133333333,,2.4810830520279197,,jg6p7o03,olive-sweep-2,baseline_full
,,0.0003,,32771.999382251,1787965820.9612932,1366,,,0.11924825608730316,,1304020.0,30000,0.9174123200000001,,0.9921872670541356,,jg6p7o03,olive-sweep-2,baseline_full
,,0.0003,,32943.476223036,1787965992.4415176,1373,,,0.16203482449054718,,1310932.0,30000,0.91697456,,3.355759204565984,,jg6p7o03,olive-sweep-2,baseline_full
,,0.0003,,32965.984815881,1787966014.9474902,1374,,,0.13197903335094452,,1311820.0,30000,0.91691832,,1.8983399808585355,,jg6p7o03,olive-sweep-2,baseline_full
,,0.0003,,34853.018582871,1787967901.9818332,1451,,,0.136704683303833,,1387184.0,30000,0.9121452666666666,,2.924745592967321,,jg6p7o03,olive-sweep-2,baseline_full
,,0.0003,,36998.620052724,1787970047.5428813,1536,,,0.22739116847515106,,1472756.0,30000,0.9067257066666666,,3.85357415136732,,jg6p7o03,olive-sweep-2,baseline_full
,,0.0003,,37131.377087506,1787970180.3401933,1540,,,0.2889437675476074,,1478068.0,30000,0.90638928,,1.3474823056416283,,jg6p7o03,olive-sweep-2,baseline_full
,,0.0003,,38193.331899186,1787971242.2958858,1584,,,0.17177161574363708,,1520372.0,30000,0.9037100266666667,,1.4872767909646067,,jg6p7o03,olive-sweep-2,baseline_full
,,0.0003,,39482.934085356,1787972531.9155912,1636,,,0.32394838333129883,,1571944.0,30000,0.9004438,,1.0839801828733104,,jg6p7o03,olive-sweep-2,baseline_full
-18.0,675.0,0.0003,1041.0,39791.860141361,1787972840.8177688,1648,6131.83741830068,259.0400000000005,0.08488423377275467,158.0,1584248.0,30000,0.8996645466666666,208.0,1.3055807396619656,-1.0,jg6p7o03,olive-sweep-2,baseline_full
,,0.0003,,39910.571704259,1787972959.535407,1653,,,0.17919625341892242,,1589024.0,30000,0.8993620666666667,,6.389375969152321,,jg6p7o03,olive-sweep-2,baseline_full
,,0.0003,,40264.558617062,1787973313.5249946,1667,,,0.330714613199234,,1603184.0,30000,0.8984652666666667,,1.1652676568061595,,jg6p7o03,olive-sweep-2,baseline_full
,,0.0003,,40767.774761475,1787973816.7290423,1687,,,0.21041534841060638,,1623300.0,30000,0.8971912533333333,,2.566427047032496,,jg6p7o03,olive-sweep-2,baseline_full
,,0.0003,,40936.765096135,1787973985.7322085,1695,,,0.19863460958003998,,1630084.0,30000,0.8967616,,3.059267083531034,,jg6p7o03,olive-sweep-2,baseline_full
,,0.0003,,41460.107069317,1787974509.073126,1716,,,0.1234608143568039,,1650984.0,30000,0.8954379333333333,,0.7064698583650575,,jg6p7o03,olive-sweep-2,baseline_full
,,0.0003,,41611.793216019,1787974660.748936,1722,,,0.2344445288181305,,1657076.0,30000,0.8950521066666667,,4.623406940909008,,jg6p7o03,olive-sweep-2,baseline_full
,,0.0003,,41947.535333909,1787974996.4991758,1736,,,0.3679234981536865,,1670536.0,30000,0.89419964,,2.6026433833227824,,jg6p7o03,olive-sweep-2,baseline_full
,,0.0003,,42434.440216666,1787975483.4027252,1757,,,0.23309633135795593,,1690068.0,30000,0.8929626133333334,,2.037554584168524,,jg6p7o03,olive-sweep-2,baseline_full
,,0.0003,,43280.578004025,1787976329.5358543,1791,,,0.14923924207687378,,1723920.0,30000,0.8908186533333334,,1.1081761739745573,,jg6p7o03,olive-sweep-2,baseline_full
,,0.0003,,43659.076109342,1787976708.03799,1806,,,0.28336048126220703,,1739064.0,30000,0.8898595333333333,,8.813613859855788,,jg6p7o03,olive-sweep-2,baseline_full
,,0.0003,,44086.852966789,1787977135.8173168,1823,,,0.2538490891456604,,1756232.0,30000,0.8887722266666667,,2.1373593902738888,,jg6p7o03,olive-sweep-2,baseline_full
,,0.0003,,45089.71883873,1787978138.7004352,1864,,,0.43027347326278687,,1796380.0,30000,0.88622952,,4.636497202041332,,jg6p7o03,olive-sweep-2,baseline_full
,,0.0003,,45941.098342739,1787978990.0121622,1896,,,0.27970629930496216,,1830384.0,30000,0.8840759333333333,,1.0822577293372015,,jg6p7o03,olive-sweep-2,baseline_full
,,0.0003,,46288.949030105,1787979337.911871,1910,,,0.17041686177253723,,1844188.0,30000,0.88320168,,2.0342646910842426,,jg6p7o03,olive-sweep-2,baseline_full
,,0.0003,,46416.753296452,1787979465.7105708,1916,,,0.21077018976211548,,1849324.0,30000,0.8828764,,1.2940469703886621,,jg6p7o03,olive-sweep-2,baseline_full
,,0.0003,,47075.70386015,1787980124.626208,1942,,,0.19102558493614197,,1875532.0,30000,0.88121656,,1.3585761790998692,,jg6p7o03,olive-sweep-2,baseline_full
,,0.0003,,47484.1463857,1787980533.101891,1958,,,0.3857479691505432,,1891936.0,30000,0.88017764,,1.3726425065654086,,jg6p7o03,olive-sweep-2,baseline_full
,,0.0003,,47596.758175907,1787980645.725256,1962,,,0.36461231112480164,,1896432.0,30000,0.8798928933333333,,1.721131084228834,,jg6p7o03,olive-sweep-2,baseline_full
,,0.0003,,47714.290118382,1787980763.2548108,1966,,,0.2603600025177002,,1901084.0,30000,0.8795982666666666,,2.137552422031253,,jg6p7o03,olive-sweep-2,baseline_full
,,0.0003,,47721.773408783,1787980770.7328124,1966,,,0.3148699700832367,,1901376.0,30000,0.8795797733333334,,8.161487465047001,,jg6p7o03,olive-sweep-2,baseline_full
,,0.0003,,48094.832512747,1787981143.815009,1983,,,0.2953658401966095,,1916308.0,30000,0.87863408,,2.0381429368143476,,jg6p7o03,olive-sweep-2,baseline_full
,,0.0003,,48405.562002663,1787981454.5257058,1995,,,0.3957371413707733,,1928760.0,30000,0.8778454533333334,,4.6378941916093686,,jg6p7o03,olive-sweep-2,baseline_full
,,0.0003,,49520.678328997,1787982569.6342304,2039,,,0.3759661018848419,,1973436.0,30000,0.8750159733333334,,1.6282427826057366,,jg6p7o03,olive-sweep-2,baseline_full
,,0.0003,,49738.204312705,1787982787.1682224,2047,,,0.2509874105453491,,1982072.0,30000,0.8744690266666666,,3.4211623851111854,,jg6p7o03,olive-sweep-2,baseline_full
,,0.0003,,50202.558426388,1787983251.5315368,2066,,,0.42082691192626953,,2000704.0,30000,0.873289,,3.2952455975471797,,jg6p7o03,olive-sweep-2,baseline_full
,,0.0003,,50282.810899282,1787983331.7760975,2070,,,0.2116881161928177,,2003952.0,30000,0.8730832933333333,,4.696266268800599,,jg6p7o03,olive-sweep-2,baseline_full
,,0.0003,,52131.074340548,1787985180.037683,2144,,,0.3147922158241272,,2077988.0,30000,0.8683943466666667,,2.160316358088173,,jg6p7o03,olive-sweep-2,baseline_full
,,0.0003,,52468.052043915,1787985517.019762,2159,,,0.39343202114105225,,2091464.0,30000,0.8675408666666666,,1.4806534097128485,,jg6p7o03,olive-sweep-2,baseline_full
,,0.0003,,52549.314022223,1787985598.2817843,2160,,,0.32792791724205017,,2094696.0,30000,0.8673361733333333,,1.8740191987190595,,jg6p7o03,olive-sweep-2,baseline_full
,,0.0003,,52977.381607432,1787986026.3364058,2177,,,0.2403961420059204,,2111904.0,30000,0.8662463333333333,,2.098709364574894,,jg6p7o03,olive-sweep-2,baseline_full
,,0.0003,,53150.674116332,1787986199.6379738,2184,,,0.2658650279045105,,2118928.0,30000,0.86580148,,1.4816586786303678,,jg6p7o03,olive-sweep-2,baseline_full
,,0.0003,,53874.105629344,1787986923.071469,2212,,,0.2827492356300354,,2147856.0,30000,0.8639693733333333,,0.794202460021301,,jg6p7o03,olive-sweep-2,baseline_full
,,0.0003,,56070.91795908,1787989119.8858614,2298,,,0.2712450921535492,,2236152.0,30000,0.8583772933333333,,1.2126547777912908,,jg6p7o03,olive-sweep-2,baseline_full
,,0.0003,,57319.405864542,1787990368.38954,2347,,,0.1997448205947876,,2285916.0,30000,0.8552255733333334,,1.228821219618417,,jg6p7o03,olive-sweep-2,baseline_full
,,0.0003,,57376.030089297,1787990424.9957821,2350,,,0.3601251542568207,,2288168.0,30000,0.8550829466666667,,2.0170560876494807,,jg6p7o03,olive-sweep-2,baseline_full
,,0.0003,,58525.811988106,1787991574.7892325,2393,,,0.3355616331100464,,2334276.0,30000,0.8521627733333333,,3.100164626499511,,jg6p7o03,olive-sweep-2,baseline_full
,,0.0003,,58752.216338988,1787991801.192448,2401,,,0.41476455330848694,,2343432.0,30000,0.8515828933333334,,12.278910792724803,,jg6p7o03,olive-sweep-2,baseline_full
,,0.0003,,59121.356736261,1787992170.321536,2417,,,0.2445753663778305,,2358280.0,30000,0.8506425200000001,,2.476956101722592,,jg6p7o03,olive-sweep-2,baseline_full
,,0.0003,,59565.992583197,1787992614.9623203,2434,,,0.36727890372276306,,2376116.0,30000,0.8495129066666667,,5.426776349455406,,jg6p7o03,olive-sweep-2,baseline_full
,,0.0003,,59701.010089396,1787992749.972557,2439,,,0.2900024950504303,,2381508.0,30000,0.8491714133333333,,7.561111563904697,,jg6p7o03,olive-sweep-2,baseline_full
,,0.0003,,60250.432727778,1787993299.34323,2462,,,0.4465903639793396,,2403492.0,30000,0.8477790933333333,,9.165574768097214,,jg6p7o03,olive-sweep-2,baseline_full
,,0.0003,,60289.354877123,1787993338.3182304,2463,,,0.24940094351768494,,2405048.0,30000,0.8476805466666667,,0.8081022875154816,,jg6p7o03,olive-sweep-2,baseline_full
,,0.0003,,60784.322225111,1787993833.2877512,2483,,,0.3026316463947296,,2424768.0,30000,0.8464316133333333,,2.387078636315797,,jg6p7o03,olive-sweep-2,baseline_full
,,0.0003,,62004.002791353,1787995052.9646564,2531,,,0.3261414170265198,,2473644.0,30000,0.8433361333333333,,1.7450355078274498,,jg6p7o03,olive-sweep-2,baseline_full
,,0.0003,,62756.881968859,1787995805.8464355,2559,,,0.20957410335540771,,2503848.0,30000,0.8414232133333334,,1.554040736802026,,jg6p7o03,olive-sweep-2,baseline_full
,,0.0003,,65544.088854721,1787998593.05946,2669,,,0.3738345205783844,,2615460.0,30000,0.8343544533333334,,2.123573758225038,,jg6p7o03,olive-sweep-2,baseline_full
,,0.0003,,65579.373696208,1787998628.3401008,2671,,,0.327902227640152,,2616868.0,30000,0.83426528,,6.444124163568953,,jg6p7o03,olive-sweep-2,baseline_full
,,0.0003,,66178.795508668,1787999227.7613108,2693,,,0.35445287823677063,,2640828.0,30000,0.8327478133333334,,1.3110301560708035,,jg6p7o03,olive-sweep-2,baseline_full
,,0.0003,,66451.182133934,1787999500.1415977,2704,,,0.1981651484966278,,2651708.0,30000,0.8320587466666667,,6.850137480039852,,jg6p7o03,olive-sweep-2,baseline_full
,,0.0003,,66504.930957325,1787999553.913391,2707,,,0.3653133809566498,,2653844.0,30000,0.8319234666666667,,1.2819981287403424,,jg6p7o03,olive-sweep-2,baseline_full
,,0.0003,,66871.650228072,1787999920.6032329,2720,,,0.3456880748271942,,2668540.0,30000,0.83099272,,4.412582525349789,,jg6p7o03,olive-sweep-2,baseline_full
,,0.0003,,67353.263250272,1788000402.2346206,2739,,,0.2654617428779602,,2687908.0,30000,0.8297660800000001,,1.3721544130601935,,jg6p7o03,olive-sweep-2,baseline_full
,,0.0003,,68760.733473276,1788001809.7007365,2793,,,0.2778465151786804,,2744284.0,30000,0.8261956,,3.164140739854133,,jg6p7o03,olive-sweep-2,baseline_full
,,0.0003,,68928.677928923,1788001977.639974,2800,,,0.3911077082157135,,2750988.0,30000,0.8257710133333334,,7.927503162833782,,jg6p7o03,olive-sweep-2,baseline_full
,,0.0003,,69046.431863176,1788002095.405395,2804,,,0.3341261148452759,,2755704.0,30000,0.8254723333333334,,1.6603839553560376,,jg6p7o03,olive-sweep-2,baseline_full
,,0.0003,,70101.65774101,1788003150.6243236,2846,,,0.22950315475463867,,2797956.0,30000,0.8227963733333333,,0.9178524296910727,,jg6p7o03,olive-sweep-2,baseline_full
,,0.0003,,70268.558555387,1788003317.5231771,2852,,,0.25856050848960876,,2804644.0,30000,0.8223728,,2.142725093716775,,jg6p7o03,olive-sweep-2,baseline_full
,,0.0003,,70924.783797239,1788003973.70089,2876,,,0.2487715780735016,,2830936.0,30000,0.82070764,,2.639354021233429,,jg6p7o03,olive-sweep-2,baseline_full
,,0.0003,,71135.698606654,1788004184.672034,2884,,,0.32426688075065613,,2839392.0,30000,0.8201720933333334,,2.1700895789148373,,jg6p7o03,olive-sweep-2,baseline_full
,,0.0003,,71158.523630248,1788004207.504937,2885,,,0.15838965773582458,,2840300.0,30000,0.8201145866666667,,1.5826147041901717,,jg6p7o03,olive-sweep-2,baseline_full
,,0.0003,,71249.074865646,1788004298.0430498,2888,,,0.3533042073249817,,2843904.0,30000,0.8198863333333334,,7.189979524673195,,jg6p7o03,olive-sweep-2,baseline_full
,,0.0003,,72329.05486543,1788005378.0105467,2929,,,0.34748250246047974,,2887056.0,30000,0.8171533733333334,,6.704447191733774,,jg6p7o03,olive-sweep-2,baseline_full
,,0.0003,,73032.128542404,1788006081.0926175,2956,,,0.40297096967697144,,2915040.0,30000,0.8153810533333333,,1.068422742895025,,jg6p7o03,olive-sweep-2,baseline_full
,,0.0003,,73273.051503966,1788006322.0308263,2967,,,0.3857211470603943,,2924712.0,30000,0.8147684933333333,,1.6591365066284265,,jg6p7o03,olive-sweep-2,baseline_full
,,0.0003,,73300.514732949,1788006349.481022,2967,,,0.36257678270339966,,2925820.0,30000,0.8146983200000001,,2.8836505591503054,,jg6p7o03,olive-sweep-2,baseline_full
,,0.0003,,73830.073918237,1788006879.037306,2987,,,0.3572426736354828,,2947036.0,30000,0.81335464,,2.1567994399805928,,jg6p7o03,olive-sweep-2,baseline_full
,,0.0003,,73892.688431074,1788006941.644713,2989,,,0.4111613929271698,,2949544.0,30000,0.8131958,,2.2005645487468577,,jg6p7o03,olive-sweep-2,baseline_full
,,0.0003,,73912.61826692,1788006961.5759048,2991,,,0.38444575667381287,,2950340.0,30000,0.8131453866666667,,1.336441255044408,,jg6p7o03,olive-sweep-2,baseline_full
,,0.0003,,74559.865854257,1788007608.8326612,3014,,,0.28483957052230835,,2976172.0,30000,0.81150936,,2.961033001003634,,jg6p7o03,olive-sweep-2,baseline_full
,,0.0003,,74827.700578019,1788007876.6610572,3025,,,0.27355217933654785,,2986864.0,30000,0.8108322,,1.4678799966217582,,jg6p7o03,olive-sweep-2,baseline_full
,,0.0003,,74874.621740792,1788007923.5861619,3026,,,0.43331971764564514,,2988740.0,30000,0.8107133866666667,,1.6101879187382373,,jg6p7o03,olive-sweep-2,baseline_full
,,0.0003,,74954.502242575,1788008003.4676557,3030,,,0.3372805714607239,,2991948.0,30000,0.8105102133333334,,7.211203612210864,,jg6p7o03,olive-sweep-2,baseline_full
,,0.0003,,75485.697343028,1788008534.6595619,3049,,,0.2831640839576721,,3013164.0,30000,0.8091665333333333,,1.0429988663073204,,jg6p7o03,olive-sweep-2,baseline_full
,,0.0003,,76079.654552962,1788009128.620452,3073,,,0.17732656002044678,,3036860.0,30000,0.8076657866666667,,3.3399068262413256,,jg6p7o03,olive-sweep-2,baseline_full
,,0.0003,,76452.431262895,1788009501.3951213,3085,,,0.31690913438796997,,3051712.0,30000,0.8067251599999999,,3.878172208116335,,jg6p7o03,olive-sweep-2,baseline_full
,,0.0003,,76595.286857842,1788009644.2086594,3090,,,0.3781675696372986,,3057392.0,30000,0.8063654266666667,,2.565393443460162,,jg6p7o03,olive-sweep-2,baseline_full
,,0.0003,,77181.067812407,1788010230.0258133,3113,,,0.48856794834136963,,3080684.0,30000,0.8048902666666666,,2.8563064448718736,,jg6p7o03,olive-sweep-2,baseline_full
,,0.0003,,77592.987048475,1788010641.9514403,3128,,,0.30835461616516113,,3097152.0,30000,0.8038472933333333,,3.121453568925383,,jg6p7o03,olive-sweep-2,baseline_full
,,0.0003,,77609.789950296,1788010658.7451808,3128,,,0.42320334911346436,,3097816.0,30000,0.8038052400000001,,2.955472120650835,,jg6p7o03,olive-sweep-2,baseline_full
,,0.0003,,77713.515233005,1788010762.492671,3132,,,0.4015413522720337,,3101912.0,30000,0.8035458266666666,,1.6874984697251567,,jg6p7o03,olive-sweep-2,baseline_full
,,0.0003,,78346.620534558,1788011395.6116965,3157,,,0.306905061006546,,3127176.0,30000,0.8019457733333334,,2.6978682189561676,,jg6p7o03,olive-sweep-2,baseline_full
,,0.0003,,78383.28659502,1788011432.2522402,3158,,,0.1382017582654953,,3128628.0,30000,0.8018538133333334,,0.5197693579434524,,jg6p7o03,olive-sweep-2,baseline_full
,,0.0003,,78841.578815944,1788011890.5422268,3176,,,0.3287738859653473,,3146888.0,30000,0.8006973466666667,,0.7334792440031747,,jg6p7o03,olive-sweep-2,baseline_full
,,0.0003,,79152.149958114,1788012201.1062317,3187,,,0.5048502683639526,,3159228.0,30000,0.7999158133333333,,2.5748482548074167,,jg6p7o03,olive-sweep-2,baseline_full
,,0.0003,,79329.681542626,1788012378.6486738,3195,,,0.4929487407207489,,3166284.0,30000,0.7994689333333334,,2.1732322955907843,,jg6p7o03,olive-sweep-2,baseline_full
,,0.0003,,80229.321764237,1788013278.2838705,3227,,,0.4873726963996887,,3202340.0,30000,0.7971853866666667,,2.5834724999804117,,jg6p7o03,olive-sweep-2,baseline_full
,,0.0003,,80416.335799923,1788013465.300417,3234,,,0.3570277988910675,,3209876.0,30000,0.7967081066666667,,1.762463088521446,,jg6p7o03,olive-sweep-2,baseline_full
,,0.0003,,80805.883141917,1788013854.8393016,3247,,,0.24606147408485413,,3225504.0,30000,0.7957183333333334,,2.6627593363378175,,jg6p7o03,olive-sweep-2,baseline_full
,,0.0003,,80885.489065675,1788013934.4564373,3250,,,0.28990399837493896,,3228716.0,30000,0.7955149066666666,,4.438672679049386,,jg6p7o03,olive-sweep-2,baseline_full
,,0.0003,,80943.859844459,1788013992.8273108,3252,,,0.3088763356208801,,3231040.0,30000,0.79536772,,2.2766160157879543,,jg6p7o03,olive-sweep-2,baseline_full
,,0.0003,,81628.889413357,1788014677.8548632,3277,,,0.2719078063964844,,3258420.0,30000,0.7936336533333334,,1.318284633706632,,jg6p7o03,olive-sweep-2,baseline_full
,,0.0003,,81737.551154471,1788014786.5042005,3281,,,0.37556135654449463,,3262732.0,30000,0.79336056,,4.804196723843606,,jg6p7o03,olive-sweep-2,baseline_full
,,0.0003,,81763.581385617,1788014812.5373096,3281,,,0.28485774993896484,,3263760.0,30000,0.7932954533333333,,1.6971188627332974,,jg6p7o03,olive-sweep-2,baseline_full
,,0.0003,,81851.293314612,1788014900.2543008,3285,,,0.4433903992176056,,3267272.0,30000,0.7930730266666667,,7.469716319336851,,jg6p7o03,olive-sweep-2,baseline_full
,,0.0003,,82274.799641175,1788015323.7647207,3301,,,0.3175369203090668,,3284076.0,30000,0.7920087733333333,,3.1258170238917278,,jg6p7o03,olive-sweep-2,baseline_full
,,0.0003,,82483.17689664,1788015532.1413386,3308,,,0.3877992033958435,,3292384.0,30000,0.7914826,,7.165636130099248,,jg6p7o03,olive-sweep-2,baseline_full
,,0.0003,,82609.050238675,1788015658.0097547,3313,,,0.2960805296897888,,3297396.0,30000,0.7911651733333334,,0.8376886750051477,,jg6p7o03,olive-sweep-2,baseline_full
,,0.0003,,82951.725331471,1788016000.6920493,3326,,,0.3839285969734192,,3311088.0,30000,0.7902980133333333,,2.6483969476018236,,jg6p7o03,olive-sweep-2,baseline_full
,,0.0003,,82999.475904172,1788016048.4460158,3329,,,0.27700307965278625,,3313016.0,30000,0.7901759066666667,,5.60991736227433,,jg6p7o03,olive-sweep-2,baseline_full
,,0.0003,,83105.718543244,1788016154.6752803,3333,,,0.4231874346733093,,3317284.0,30000,0.7899056,,11.493078132952991,,jg6p7o03,olive-sweep-2,baseline_full
,,0.0003,,83484.256948792,1788016533.2229486,3346,,,0.2767896056175232,,3332532.0,30000,0.7889398933333334,,1.6829400435308128,,jg6p7o03,olive-sweep-2,baseline_full
,,0.0003,,83810.393883491,1788016859.362692,3359,,,0.2333434820175171,,3345616.0,30000,0.78811124,,1.2602215835324464,,jg6p7o03,olive-sweep-2,baseline_full
,,0.0003,,83956.912204941,1788017005.8698423,3364,,,0.15946167707443237,,3351476.0,30000,0.7877401066666666,,1.4606838161765685,,jg6p7o03,olive-sweep-2,baseline_full
,,0.0003,,84350.779718096,1788017399.7479498,3379,,,0.32651615142822266,,3367300.0,30000,0.78673792,,2.58183184911457,,jg6p7o03,olive-sweep-2,baseline_full
,,0.0003,,84680.618335251,1788017729.591359,3391,,,0.26992931962013245,,3380524.0,30000,0.7859003999999999,,1.3661908085266432,,jg6p7o03,olive-sweep-2,baseline_full
,,0.0003,,84710.222391683,1788017759.1787975,3391,,,0.3190852105617523,,3381696.0,30000,0.7858261733333334,,6.937585450151665,,jg6p7o03,olive-sweep-2,baseline_full
,,0.0003,,86656.727646842,1788019705.6517036,3462,,,0.3773885667324066,,3459456.0,30000,0.7809013733333333,,2.275962425348628,,jg6p7o03,olive-sweep-2,baseline_full
,,0.0003,,87912.889030322,1788020961.8909383,3507,,,0.2785041928291321,,3509692.0,30000,0.77771976,,0.6950851561831334,,jg6p7o03,olive-sweep-2,baseline_full
,,0.0003,,87941.36885297,1788020990.3248084,3508,,,0.24511802196502686,,3510820.0,30000,0.7776483200000001,,1.5583628059207093,,jg6p7o03,olive-sweep-2,baseline_full
,,0.0003,,88389.086039077,1788021438.0677767,3524,,,0.3107374906539917,,3528700.0,30000,0.77651592,,1.8420582392819556,,jg6p7o03,olive-sweep-2,baseline_full
,,0.0003,,88587.463495429,1788021636.431531,3532,,,0.414185106754303,,3536720.0,30000,0.7760079866666667,,2.6531142959806444,,jg6p7o03,olive-sweep-2,baseline_full
,,0.0003,,89177.615239964,1788022226.5928895,3556,,,0.46391743421554565,,3562604.0,30000,0.7743686666666667,,1.7111279424253494,,jg6p7o03,olive-sweep-2,baseline_full
,,0.0003,,89277.504797244,1788022326.4805148,3560,,,0.3678058981895447,,3567200.0,30000,0.7740775866666667,,1.5702910849100309,,jg6p7o03,olive-sweep-2,baseline_full
,,0.0003,,90194.772574123,1788023243.747638,3599,,,0.3876325786113739,,3609368.0,30000,0.7714069466666666,,2.8129478729115274,,jg6p7o03,olive-sweep-2,baseline_full
,,0.0003,,90278.212229961,1788023327.1877594,3601,,,0.22302848100662231,,3613204.0,30000,0.7711640000000001,,1.029452311844208,,jg6p7o03,olive-sweep-2,baseline_full
