_runtime,_timestamp,train/epsilon,_step,train/loss,train/episode,episode/goal_reward,episode/clipped_reward,episode/action_all,train/learning_rate,episode/tracking_reward,train/grad_norm,episode/actions_up,episode/actions_neutral,episode/actions_down,episode/total_reward,train/buffer_size,run_id,run_name,group
66.675240084,1788033416.7309053,0.9885873333333334,3608.0,0.02210502326488495,3,,,,0.0003,,0.03257480317292375,,,,,3594,zah62sdt,sweet-sweep-2,baseline_full
568.626279528,1788033918.6444552,0.925482,23536.0,0.03853939473628998,24,,,,0.0003,,0.013228938400834766,,,,,23480,zah62sdt,sweet-sweep-2,baseline_full
851.50947977,1788034201.5591738,0.890218,34672.0,0.022846577689051628,36,,,,0.0003,,0.03962285706697973,,,,,30000,zah62sdt,sweet-sweep-2,baseline_full
2425.403079868,1788035775.4609492,0.693188,96892.0,0.006242184434086084,91,,,,0.0003,,0.04879755655180448,,,,,30000,zah62sdt,sweet-sweep-2,baseline_full
3379.569664961,1788036729.6352625,0.5740326666666666,134520.0,0.008893732912838459,118,,,,0.0003,,0.0658277449989116,,,,,30000,zah62sdt,sweet-sweep-2,baseline_full
5517.345272804,1788038867.4141266,0.3062466666666666,219084.0,0.002626376925036311,174,,,,0.0003,,0.03866958616312892,,,,,30000,zah62sdt,sweet-sweep-2,baseline_full
7232.36387185,1788040582.419989,0.09164800000000001,286852.0,0.003743987064808607,210,,,,0.0003,,0.05676920189878137,,,,,30000,zah62sdt,sweet-sweep-2,baseline_full
7909.800895356,1788041259.8575723,0.05,313852.0,0.002611761447042227,222,,,,0.0003,,0.04193585905140233,,,,,30000,zah62sdt,sweet-sweep-2,baseline_full
8246.37335111,1788041596.430742,0.05,327224.0,0.0031218419317156076,226,,,,0.0003,,0.04056809963326568,,,,,30000,zah62sdt,sweet-sweep-2,baseline_full
12000.238822062,1788045350.2930698,0.05,475748.0,0.0027738730423152447,278,,,,0.0003,,0.05594402533793713,,,,,30000,zah62sdt,sweet-sweep-2,baseline_full
12286.69492054,1788045636.7535224,0.05,487032.0,0.0037283734418451786,281,,,,0.0003,,0.05654135142140158,,,,,30000,zah62sdt,sweet-sweep-2,baseline_full
13187.735194864,1788046537.7954235,0.05,522848.0,0.0025677382946014404,293,,,,0.0003,,0.03916907896637567,,,,,30000,zah62sdt,sweet-sweep-2,baseline_full
13554.113227536,1788046904.1726797,0.05,537260.0,0.0032351608388125896,297,,,,0.0003,,0.058362344591943054,,,,,30000,zah62sdt,sweet-sweep-2,baseline_full
13801.399761251,1788047151.472966,0.05,547112.0,0.0037160194478929043,301,,,,0.0003,,0.051112222806051974,,,,,30000,zah62sdt,sweet-sweep-2,baseline_full
14488.27775289,1788047838.3411908,0.05,574400.0,0.002402764745056629,310,,,,0.0003,,0.04128899311972982,,,,,30000,zah62sdt,sweet-sweep-2,baseline_full
14883.867370024,1788048233.9319017,0.05,590056.0,0.003168737981468439,314,,,,0.0003,,0.053954551301902166,,,,,30000,zah62sdt,sweet-sweep-2,baseline_full
14963.027853678,1788048313.0776663,0.05,593228.0,0.00323319504968822,317,,,,0.0003,,0.05364900206814702,,,,,30000,zah62sdt,sweet-sweep-2,baseline_full
17459.360577657,1788050809.4176216,0.05,692368.0,0.002268722979351878,350,,,,0.0003,,0.046154425232982556,,,,,30000,zah62sdt,sweet-sweep-2,baseline_full
17521.461361084,1788050871.5182705,0.05,694808.0,0.002681195270270109,350,,,,0.0003,,0.05101664192394103,,,,,30000,zah62sdt,sweet-sweep-2,baseline_full
17552.570551959,1788050902.6279128,0.05,696040.0,0.0018278794595971704,350,,,,0.0003,,0.03446858147264336,,,,,30000,zah62sdt,sweet-sweep-2,baseline_full
17797.506787672,1788051147.5675025,0.05,705760.0,0.009714953601360321,354,,,,0.0003,,0.08601154749396972,,,,,30000,zah62sdt,sweet-sweep-2,baseline_full
17820.749980395,1788051170.8128164,0.05,706676.0,0.006296402774751186,354,,,,0.0003,,0.09256750158787168,,,,,30000,zah62sdt,sweet-sweep-2,baseline_full
19053.372866388,1788052403.4285147,0.05,755576.0,0.0037778248079121113,371,,,,0.0003,,0.07566652434724049,,,,,30000,zah62sdt,sweet-sweep-2,baseline_full
20922.711094246,1788054272.7629943,0.05,829876.0,0.005395996384322643,399,,,,0.0003,,0.07112808781953638,,,,,30000,zah62sdt,sweet-sweep-2,baseline_full
21082.218748194,1788054432.2757356,0.05,836240.0,0.00345307937823236,401,,,,0.0003,,0.0486330876277375,,,,,30000,zah62sdt,sweet-sweep-2,baseline_full
22289.818696512,1788055639.8700798,0.05,884152.0,0.004169480875134468,419,,,,0.0003,,0.07045368373230688,,,,,30000,zah62sdt,sweet-sweep-2,baseline_full
22637.8657192,1788055987.9240446,0.05,897952.0,0.009254064410924911,425,,,,0.0003,,0.08568303625911815,,,,,30000,zah62sdt,sweet-sweep-2,baseline_full
22919.909042744,1788056269.9184864,0.05,909052.0,0.003998362459242344,427,,,,0.0003,,0.07080437972678276,,,,,30000,zah62sdt,sweet-sweep-2,baseline_full
25516.990580105,1788058867.046887,0.05,1011772.0,0.004378603771328926,467,,,,0.0003,,0.07028296358798862,,,,,30000,zah62sdt,sweet-sweep-2,baseline_full
25779.135237771,1788059129.18332,0.05,1022076.0,0.0024619572795927525,470,,,,0.0003,,0.04494251680368029,,,,,30000,zah62sdt,sweet-sweep-2,baseline_full
25875.849572041,1788059225.8997731,0.05,1025896.0,0.009448203258216381,473,,,,0.0003,,0.0861698673101898,,,,,30000,zah62sdt,sweet-sweep-2,baseline_full
26238.788720882,1788059588.8391757,0.05,1040224.0,0.0031974161975085735,478,,,,0.0003,,0.05559694148026039,,,,,30000,zah62sdt,sweet-sweep-2,baseline_full
26834.11068462,1788060184.1589296,0.05,1063876.0,0.002816068008542061,486,,,,0.0003,,0.041051702733435044,,,,,30000,zah62sdt,sweet-sweep-2,baseline_full
27081.467293232,1788060431.5225518,0.05,1073584.0,0.0024622136261314154,489,,,,0.0003,,0.06562687399986881,,,,,30000,zah62sdt,sweet-sweep-2,baseline_full
27313.827161224,1788060663.8811762,0.05,1082812.0,0.004324987530708313,492,,,,0.0003,,0.059176881346357756,,,,,30000,zah62sdt,sweet-sweep-2,baseline_full
28053.978674479,1788061403.9900703,0.05,1112088.0,0.002838300773873925,503,,,,0.0003,,0.04721987326046609,,,,,30000,zah62sdt,sweet-sweep-2,baseline_full
30031.519443973,1788063381.5803084,0.05,1190368.0,0.002162821590900421,532,,,,0.0003,,0.04313421065249404,,,,,30000,zah62sdt,sweet-sweep-2,baseline_full
31268.065796965,1788064618.1140237,0.05,1239460.0,0.0022381851449608803,552,,,,0.0003,,0.038397101107061904,,,,,30000,zah62sdt,sweet-sweep-2,baseline_full
32067.250455264,1788065417.3000617,0.05,1271112.0,0.0033001042902469635,563,,,,0.0003,,0.05460423659246135,,,,,30000,zah62sdt,sweet-sweep-2,baseline_full
34992.720734576,1788068342.7317476,0.05,1387184.0,0.0021866268943995237,602,,,,0.0003,,0.03711516449787143,,,,,30000,zah62sdt,sweet-sweep-2,baseline_full
37146.944241754,1788070497.0043519,0.05,1472756.0,0.00420832633972168,632,,,,0.0003,,0.06334045792278206,,,,,30000,zah62sdt,sweet-sweep-2,baseline_full
37281.243922119,1788070631.3003907,0.05,1478068.0,0.0026640156283974648,634,,,,0.0003,,0.03580249724195478,,,,,30000,zah62sdt,sweet-sweep-2,baseline_full
38346.112782795,1788071696.1666832,0.05,1520372.0,0.002324196510016918,648,,,,0.0003,,0.04264754222463829,,,,,30000,zah62sdt,sweet-sweep-2,baseline_full
39644.268826566,1788072994.3287725,0.05,1571944.0,0.0032608183100819588,667,,,,0.0003,,0.03375646986048946,,,,,30000,zah62sdt,sweet-sweep-2,baseline_full
39953.846450807,1788073303.9143114,0.05,1584248.0,0.003120994661003351,672,,,,0.0003,,0.0472514280829125,,,,,30000,zah62sdt,sweet-sweep-2,baseline_full
40074.931674603,1788073424.9886482,0.05,1589024.0,0.003558363765478134,674,,,,0.0003,,0.05254757851823649,,,,,30000,zah62sdt,sweet-sweep-2,baseline_full
40430.859938193,1788073780.9190247,0.05,1603184.0,0.005559858866035938,679,,,,0.0003,,0.05934963154429042,,,,,30000,zah62sdt,sweet-sweep-2,baseline_full
41779.531087791,1788075129.5812826,0.05,1657076.0,0.0027188314124941826,698,,,,0.0003,,0.03828481794222604,,,,,30000,zah62sdt,sweet-sweep-2,baseline_full
42114.738665932,1788075464.7945006,0.05,1670536.0,0.004285528790205717,702,,,,0.0003,,0.058520710301939366,,,,,30000,zah62sdt,sweet-sweep-2,baseline_full
42604.65922367,1788075954.6719022,0.05,1690068.0,0.004495535045862198,710,,,,0.0003,,0.07104934620084795,,,,,30000,zah62sdt,sweet-sweep-2,baseline_full
43452.552551833,1788076802.6128275,0.05,1723920.0,0.0024174849968403578,721,,,,0.0003,,0.04410015026955109,,,,,30000,zah62sdt,sweet-sweep-2,baseline_full
43836.392225227,1788077186.4069798,0.05,1739064.0,0.004228632897138596,729,,,,0.0003,,0.055569147134500556,,,,,30000,zah62sdt,sweet-sweep-2,baseline_full
44268.618422535,1788077618.6679902,0.05,1756232.0,0.0032611414790153503,733,,,,0.0003,,0.0481688730142769,,,,,30000,zah62sdt,sweet-sweep-2,baseline_full
46471.075445663,1788079821.1385772,0.05,1844188.0,0.004115471616387367,764,,,,0.0003,,0.05985565941444596,,,,,30000,zah62sdt,sweet-sweep-2,baseline_full
46600.605174823,1788079950.665602,0.05,1849324.0,0.004849767312407494,767,,,,0.0003,,0.07344551669163664,,,,,30000,zah62sdt,sweet-sweep-2,baseline_full
47260.053351653,1788080610.1130943,0.05,1875532.0,0.002936867531388998,776,,,,0.0003,,0.04331389582539308,,,,,30000,zah62sdt,sweet-sweep-2,baseline_full
48285.019464905,1788081635.0808074,0.05,1916308.0,0.0035838691983371973,790,,,,0.0003,,0.056374053069206925,,,,,30000,zah62sdt,sweet-sweep-2,baseline_full
48599.778107908,1788081949.8434005,0.05,1928760.0,0.004668896086513996,793,,,,0.0003,,0.06634682728948932,,,,,30000,zah62sdt,sweet-sweep-2,baseline_full
49726.810641681,1788083076.8289628,0.05,1973436.0,0.004412232898175716,810,,,,0.0003,,0.06353578783777569,,,,,30000,zah62sdt,sweet-sweep-2,baseline_full
50495.413557651,1788083845.4700403,0.05,2003952.0,0.0036486454773694277,821,,,,0.0003,,0.05884589162866293,,,,,30000,zah62sdt,sweet-sweep-2,baseline_full
52351.130869073,1788085701.190705,0.05,2077988.0,0.003943461924791336,847,,,,0.0003,,0.061047042727881216,,,,,30000,zah62sdt,sweet-sweep-2,baseline_full
52767.224631859,1788086117.2889652,0.05,2094696.0,0.0036394991911947727,853,,,,0.0003,,0.052312161285610934,,,,,30000,zah62sdt,sweet-sweep-2,baseline_full
53200.983259985,1788086551.0230083,0.05,2111904.0,0.0037422170862555504,860,,,,0.0003,,0.0589746986997021,,,,,30000,zah62sdt,sweet-sweep-2,baseline_full
53376.880275513,1788086726.8836517,0.05,2118928.0,0.004177638329565525,862,,,,0.0003,,0.0572930831628747,,,,,30000,zah62sdt,sweet-sweep-2,baseline_full
57579.935303914,1788090929.9856386,0.05,2285916.0,0.003912216983735561,920,,,,0.0003,,0.055025053669183706,,,,,30000,zah62sdt,sweet-sweep-2,baseline_full
57637.125766383,1788090987.1908681,0.05,2288168.0,0.004771847743541002,921,,,,0.0003,,0.07299249550089638,,,,,30000,zah62sdt,sweet-sweep-2,baseline_full
58800.713446218,1788092150.7724447,0.05,2334276.0,0.004457537084817886,936,,,,0.0003,,0.05528719583413115,,,,,30000,zah62sdt,sweet-sweep-2,baseline_full
59032.775983407,1788092382.835236,0.05,2343432.0,0.0035825795494019985,940,,,,0.0003,,0.04071280913695432,,,,,30000,zah62sdt,sweet-sweep-2,baseline_full
59854.942577387,1788093204.997005,0.05,2376116.0,0.005053091794252396,950,,,,0.0003,,0.06284125446864226,,,,,30000,zah62sdt,sweet-sweep-2,baseline_full
59991.240860018,1788093341.2920425,0.05,2381508.0,0.005616800859570503,953,,,,0.0003,,0.0694980591519422,,,,,30000,zah62sdt,sweet-sweep-2,baseline_full
60544.834470532,1788093894.8875496,0.05,2403492.0,0.008207328617572784,960,,,,0.0003,,0.07166458594383412,,,,,30000,zah62sdt,sweet-sweep-2,baseline_full
60584.493977908,1788093934.5532205,0.05,2405048.0,0.008586723357439041,961,,,,0.0003,,0.09538377692303218,,,,,30000,zah62sdt,sweet-sweep-2,baseline_full
62310.957581165,1788095661.0122335,0.05,2473644.0,0.004756526555866003,982,,,,0.0003,,0.05607824218687169,,,,,30000,zah62sdt,sweet-sweep-2,baseline_full
63077.229557928,1788096427.288534,0.05,2503848.0,0.0033237698953598738,994,,,,0.0003,,0.04385992433347043,,,,,30000,zah62sdt,sweet-sweep-2,baseline_full
65892.407225935,1788099242.465084,0.05,2615460.0,0.00442543113604188,1033,,,,0.0003,,0.06262499502263975,,,,,30000,zah62sdt,sweet-sweep-2,baseline_full
65927.445111,1788099277.508655,0.05,2616868.0,0.005595726892352104,1033,,,,0.0003,,0.06847199748161449,,,,,30000,zah62sdt,sweet-sweep-2,baseline_full
66809.355929695,1788100159.4163883,0.05,2651708.0,0.004216514527797699,1046,,,,0.0003,,0.052803137919088805,,,,,30000,zah62sdt,sweet-sweep-2,baseline_full
66863.224845699,1788100213.289089,0.05,2653844.0,0.003932672552764416,1046,,,,0.0003,,0.0484673515388325,,,,,30000,zah62sdt,sweet-sweep-2,baseline_full
67234.286121351,1788100584.3464422,0.05,2668540.0,0.006570704281330109,1051,,,,0.0003,,0.07702079886973266,,,,,30000,zah62sdt,sweet-sweep-2,baseline_full
67724.464251524,1788101074.5107734,0.05,2687908.0,0.006353619042783976,1058,,,,0.0003,,0.08476426465796714,,,,,30000,zah62sdt,sweet-sweep-2,baseline_full
69433.232092708,1788102783.2928717,0.05,2755704.0,0.006146818865090609,1082,,,,0.0003,,0.052399686740062776,,,,,30000,zah62sdt,sweet-sweep-2,baseline_full
70498.829747902,1788103848.879097,0.05,2797956.0,0.004273438826203346,1097,,,,0.0003,,0.07112016178900865,,,,,30000,zah62sdt,sweet-sweep-2,baseline_full
70668.916719458,1788104018.9699073,0.05,2804644.0,0.004272732883691788,1100,,,,0.0003,,0.046681010495168,,,,,30000,zah62sdt,sweet-sweep-2,baseline_full
71543.360587305,1788104893.42364,0.05,2839392.0,0.004451590124517679,1113,,,,0.0003,,0.049834359487655765,,,,,30000,zah62sdt,sweet-sweep-2,baseline_full
71566.779016266,1788104916.8340104,0.05,2840300.0,0.005738197825849056,1113,,,,0.0003,,0.07159621725502553,,,,,30000,zah62sdt,sweet-sweep-2,baseline_full
71657.766331607,1788105007.8169081,0.05,2843904.0,0.005528719164431095,1114,,,,0.0003,,0.06061733496920125,,,,,30000,zah62sdt,sweet-sweep-2,baseline_full
72740.568930436,1788106090.6274595,0.05,2887056.0,0.005474988371133804,1130,,,,0.0003,,0.05965229661663634,,,,,30000,zah62sdt,sweet-sweep-2,baseline_full
73718.114726884,1788107068.1694968,0.05,2925820.0,0.0072491061873734,1146,,,,0.0003,,0.08294169742523878,,,,,30000,zah62sdt,sweet-sweep-2,baseline_full
74314.216356895,1788107664.2756784,0.05,2949544.0,0.007645909674465656,1156,,,,0.0003,,0.07496109776271928,,,,,30000,zah62sdt,sweet-sweep-2,baseline_full
74334.518227658,1788107684.5865455,0.05,2950340.0,0.008122436702251434,1156,,,,0.0003,,0.07610200121931603,,,,,30000,zah62sdt,sweet-sweep-2,baseline_full
75253.775373403,1788108603.8322332,0.05,2986864.0,0.003512744791805744,1170,,,,0.0003,,0.04483905226089617,,,,,30000,zah62sdt,sweet-sweep-2,baseline_full
75301.350397551,1788108651.4064493,0.05,2988740.0,0.006169801577925682,1172,,,,0.0003,,0.06659510385815438,,,,,30000,zah62sdt,sweet-sweep-2,baseline_full
75382.042898383,1788108732.1118126,0.05,2991948.0,0.006221807096153498,1172,,,,0.0003,,0.07302046703929459,,,,,30000,zah62sdt,sweet-sweep-2,baseline_full
75918.039645995,1788109268.0771935,0.05,3013164.0,0.006410012021660805,1180,,,,0.0003,,0.07018566892781934,,,,,30000,zah62sdt,sweet-sweep-2,baseline_full
76511.331510253,1788109861.3900874,0.05,3036860.0,0.0063119689002633095,1190,,,,0.0003,,0.07749865976467017,,,,,30000,zah62sdt,sweet-sweep-2,baseline_full
76885.621761577,1788110235.6318276,0.05,3051712.0,0.005712808109819889,1195,,,,0.0003,,0.05985746126293148,,,,,30000,zah62sdt,sweet-sweep-2,baseline_full
78031.191803114,1788111381.2504203,0.05,3097152.0,0.004738887771964073,1212,,,,0.0003,,0.05828299230334511,,,,,30000,zah62sdt,sweet-sweep-2,baseline_full
78047.367063895,1788111397.4278767,0.05,3097816.0,0.003365603042766452,1212,,,,0.0003,,0.04627892831796419,,,,,30000,zah62sdt,sweet-sweep-2,baseline_full
78150.900804218,1788111500.909849,0.05,3101912.0,0.006459428463131189,1214,,,,0.0003,,0.07253203868628738,,,,,30000,zah62sdt,sweet-sweep-2,baseline_full
78784.764560575,1788112134.8196132,0.05,3127176.0,0.005622879136353731,1223,,,,0.0003,,0.07544815373362589,,,,,30000,zah62sdt,sweet-sweep-2,baseline_full
78821.53639472,1788112171.5965562,0.05,3128628.0,0.007867705076932907,1223,,,,0.0003,,0.07689292528267234,,,,,30000,zah62sdt,sweet-sweep-2,baseline_full
79274.927138556,1788112624.9860578,0.05,3146888.0,0.008458379656076431,1231,,,,0.0003,,0.07964531018610053,,,,,30000,zah62sdt,sweet-sweep-2,baseline_full
79584.616961692,1788112934.627506,0.05,3159228.0,0.006196670234203339,1235,,,,0.0003,,0.07631090595947054,,,,,30000,zah62sdt,sweet-sweep-2,baseline_full
80663.168942061,1788114013.21724,0.05,3202340.0,0.009603439830243587,1251,,,,0.0003,,0.07410739630732124,,,,,30000,zah62sdt,sweet-sweep-2,baseline_full
80851.765209131,1788114201.8297527,0.05,3209876.0,0.003864450380206108,1254,,,,0.0003,,0.04066498199878873,,,,,30000,zah62sdt,sweet-sweep-2,baseline_full
81243.038011139,1788114593.0960824,0.05,3225504.0,0.0034571164287626743,1259,,,,0.0003,,0.04202610209645635,,,,,30000,zah62sdt,sweet-sweep-2,baseline_full
81323.154279389,1788114673.2115273,0.05,3228716.0,0.0047127180732786655,1261,,,,0.0003,,0.05338729498854785,,,,,30000,zah62sdt,sweet-sweep-2,baseline_full
81380.502562863,1788114730.5913455,0.05,3231040.0,0.006456014234572649,1263,,,,0.0003,,0.06887886822377212,,,,,30000,zah62sdt,sweet-sweep-2,baseline_full
82174.533503067,1788115524.5856981,0.05,3262732.0,0.0063865287229418755,1276,,,,0.0003,,0.05088457369151835,,,,,30000,zah62sdt,sweet-sweep-2,baseline_full
82199.955144677,1788115550.014865,0.05,3263760.0,0.009778667241334915,1276,,,,0.0003,,0.09748977589500815,,,,,30000,zah62sdt,sweet-sweep-2,baseline_full
82288.151936321,1788115638.2127635,0.05,3267272.0,0.00948865432292223,1277,,,,0.0003,,0.08519023746693065,,,,,30000,zah62sdt,sweet-sweep-2,baseline_full
83386.821463098,1788116736.8803024,0.05,3311088.0,0.006695831194519997,1292,,,,0.0003,,0.07481896275248308,,,,,30000,zah62sdt,sweet-sweep-2,baseline_full
83435.333568981,1788116785.390405,0.05,3313016.0,0.006249508820474148,1294,,,,0.0003,,0.067148846780427,,,,,30000,zah62sdt,sweet-sweep-2,baseline_full
83542.457149103,1788116892.5088866,0.05,3317284.0,0.004933065734803677,1294,,,,0.0003,,0.06118185186191692,,,,,30000,zah62sdt,sweet-sweep-2,baseline_full
83925.928761511,1788117275.9814305,0.05,3332532.0,0.0098065584897995,1299,,,,0.0003,,0.07683747503263688,,,,,30000,zah62sdt,sweet-sweep-2,baseline_full
84256.972851249,1788117607.0372546,0.05,3345616.0,0.0062076132744550705,1304,,,,0.0003,,0.06475262157440063,,,,,30000,zah62sdt,sweet-sweep-2,baseline_full
85138.88405024,1788118488.9411805,0.05,3380524.0,0.00722435861825943,1317,,,,0.0003,,0.07576834759572411,,,,,30000,zah62sdt,sweet-sweep-2,baseline_full
85167.80990637,1788118517.8608763,0.05,3381696.0,0.004644284024834633,1317,,,,0.0003,,0.05628391532954904,,,,,30000,zah62sdt,sweet-sweep-2,baseline_full
87128.703111108,1788120478.7643704,0.05,3459456.0,0.017744846642017365,1345,,,,0.0003,,0.11475386508063423,,,,,30000,zah62sdt,sweet-sweep-2,baseline_full
88393.4471675,1788121743.50801,0.05,3509692.0,0.008291253820061684,1363,,,,0.0003,,0.0773948969680407,,,,,30000,zah62sdt,sweet-sweep-2,baseline_full
88421.788877956,1788121771.8488464,0.05,3510820.0,0.005504930391907692,1363,,,,0.0003,,0.10444768996796695,,,,,30000,zah62sdt,sweet-sweep-2,baseline_full
88874.534780664,1788122224.5910585,0.05,3528700.0,0.005789107643067837,1369,,,,0.0003,,0.053004951645235845,,,,,30000,zah62sdt,sweet-sweep-2,baseline_full
89076.562706279,1788122426.6500843,0.05,3536720.0,0.0077651552855968475,1372,,,,0.0003,,0.09932753204400864,,,,,30000,zah62sdt,sweet-sweep-2,baseline_full
89730.822089447,1788123080.8808522,0.05,3562604.0,0.007300225086510181,1383,,,,0.0003,,0.07118432064000173,,,,,30000,zah62sdt,sweet-sweep-2,baseline_full
89847.264676006,1788123197.322736,0.05,3567200.0,0.005421443842351437,1385,,,,0.0003,,0.07945961005983139,,,,,30000,zah62sdt,sweet-sweep-2,baseline_full
90903.840083883,1788124253.8986707,0.05,3609368.0,0.004528462421149015,1400,,,,0.0003,,0.051989199121950026,,,,,30000,zah62sdt,sweet-sweep-2,baseline_full
91000.522668515,1788124350.5741677,0.05,3613204.0,0.0053653414361178875,1401,,,,0.0003,,0.05202726036042646,,,,,30000,zah62sdt,sweet-sweep-2,baseline_full
91981.850008146,1788125331.9045453,0.05,3651976.0,0.009825922548770905,1415,,,,0.0003,,0.07381318748457806,,,,,30000,zah62sdt,sweet-sweep-2,baseline_full
92591.71780984,1788125941.7564187,0.05,3676236.0,0.0065622697584331036,1424,,,,0.0003,,0.05247839516687125,,,,,30000,zah62sdt,sweet-sweep-2,baseline_full
92824.817183682,1788126174.8746798,0.05,3685532.0,0.007600929122418165,1428,,,,0.0003,,0.0827472610783141,,,,,30000,zah62sdt,sweet-sweep-2,baseline_full
93003.025629242,1788126353.087474,0.05,3692580.0,0.005490874405950308,1431,,,,0.0003,,0.05229380895383793,,,,,30000,zah62sdt,sweet-sweep-2,baseline_full
93294.650729503,1788126644.7035875,0.05,3704228.0,0.008283752016723156,1436,,,,0.0003,,0.0896979395882786,,,,,30000,zah62sdt,sweet-sweep-2,baseline_full
93458.574761335,1788126808.6332288,0.05,3710740.0,0.009026633575558662,1437,,,,0.0003,,0.0921510394853056,,,,,30000,zah62sdt,sweet-sweep-2,baseline_full
94288.583830586,1788127638.653023,0.05,3743796.0,0.0066786278039216995,1450,,,,0.0003,,0.066115189040484,,,,,30000,zah62sdt,sweet-sweep-2,baseline_full
94332.117009725,1788127682.1421819,0.05,3745492.0,0.015922103077173233,1450,,,,0.0003,,0.11807933119745362,,,,,30000,zah62sdt,sweet-sweep-2,baseline_full
94750.595150967,1788128100.6529214,0.05,3762124.0,0.007685345131903887,1456,,,,0.0003,,0.09424093235940495,,,,,30000,zah62sdt,sweet-sweep-2,baseline_full
97407.056422504,1788130757.1153,0.05,3867624.0,0.008097234182059765,1496,,,,0.0003,,0.07566011743751846,,,,,30000,zah62sdt,sweet-sweep-2,baseline_full
97458.929366224,1788130808.993713,0.05,3869700.0,0.009083669632673264,1497,,,,0.0003,,0.09834359884647098,,,,,30000,zah62sdt,sweet-sweep-2,baseline_full
97690.322418666,1788131040.3781908,0.05,3878808.0,0.009062035009264946,1500,,,,0.0003,,0.07372068201440615,,,,,30000,zah62sdt,sweet-sweep-2,baseline_full
99287.206660991,1788132637.2229567,0.05,3942100.0,0.006485659163445234,1525,,,,0.0003,,0.05827625664232487,,,,,30000,zah62sdt,sweet-sweep-2,baseline_full
101090.739261647,1788134440.7892485,0.05,4013460.0,0.00882122665643692,1553,,,,0.0003,,0.08346822127010502,,,,,30000,zah62sdt,sweet-sweep-2,baseline_full
101468.429364202,1788134818.488409,0.05,4028456.0,0.010346347466111183,1557,,,,0.0003,,0.11920754170839483,,,,,30000,zah62sdt,sweet-sweep-2,baseline_full
102416.470231531,1788135766.5278788,0.05,4066168.0,0.010937712155282497,1574,,,,0.0003,,0.058571468278158983,,,,,30000,zah62sdt,sweet-sweep-2,baseline_full
102879.935081093,1788136229.9842224,0.05,4084564.0,0.01022117305546999,1579,,,,0.0003,,0.12086385941449755,,,,,30000,zah62sdt,sweet-sweep-2,baseline_full
103275.784031609,1788136625.833584,0.05,4100264.0,0.012481318786740303,1586,,,,0.0003,,0.09693147144673178,,,,,30000,zah62sdt,sweet-sweep-2,baseline_full
103487.930526864,1788136837.9968944,0.05,4108640.0,0.009423639625310898,1588,,,,0.0003,,0.09568727201538173,,,,,30000,zah62sdt,sweet-sweep-2,baseline_full
103716.367501533,1788137066.4345725,0.05,4117668.0,0.007469365373253822,1591,,,,0.0003,,0.10696601022169946,,,,,30000,zah62sdt,sweet-sweep-2,baseline_full
104132.292354523,1788137482.352507,0.05,4134188.0,0.01753379963338375,1597,,,,0.0003,,0.13834618054303324,,,,,30000,zah62sdt,sweet-sweep-2,baseline_full
104268.095806545,1788137618.1576202,0.05,4139576.0,0.00584873603656888,1599,,,,0.0003,,0.06933606967509343,,,,,30000,zah62sdt,sweet-sweep-2,baseline_full
104918.750782677,1788138268.8062096,0.05,4165420.0,0.012142923660576344,1608,,,,0.0003,,0.0894617170343217,,,,,30000,zah62sdt,sweet-sweep-2,baseline_full
105604.509009823,1788138954.5225499,0.05,4192608.0,0.005728748627007008,1618,,,,0.0003,,0.06204586975997067,,,,,30000,zah62sdt,sweet-sweep-2,baseline_full
106578.214103468,1788139928.2707765,0.05,4231284.0,0.011411162093281746,1631,,,,0.0003,,0.08700651935120642,,,,,30000,zah62sdt,sweet-sweep-2,baseline_full
107061.619371362,1788140411.689754,0.05,4250500.0,0.005391648970544338,1637,,,,0.0003,,0.05307871229560072,,,,,30000,zah62sdt,sweet-sweep-2,baseline_full
107309.740706339,1788140659.8202589,0.05,4260380.0,0.009971501305699348,1641,,,,0.0003,,0.0726875956627006,,,,,30000,zah62sdt,sweet-sweep-2,baseline_full
109331.452185664,1788142681.5097573,0.05,4340776.0,0.008351180702447891,1670,,,,0.0003,,0.07687183397660596,,,,,30000,zah62sdt,sweet-sweep-2,baseline_full
111811.329452519,1788145161.4043386,0.05,4439096.0,0.00876583345234394,1707,,,,0.0003,,0.08655584820275496,,,,,30000,zah62sdt,sweet-sweep-2,baseline_full
112723.878093994,1788146073.939621,0.05,4475384.0,0.00924796424806118,1720,,,,0.0003,,0.07629574478868979,,,,,30000,zah62sdt,sweet-sweep-2,baseline_full
112834.904994127,1788146184.9789443,0.05,4479732.0,0.008918797597289085,1723,,,,0.0003,,0.07347626982499934,,,,,30000,zah62sdt,sweet-sweep-2,baseline_full
113714.21179629,1788147064.270671,0.05,4514592.0,0.0150455292314291,1735,,,,0.0003,,0.12821293637433417,,,,,30000,zah62sdt,sweet-sweep-2,baseline_full
114387.41181994,1788147737.4176378,0.05,4541272.0,0.011682944372296333,1745,,,,0.0003,,0.149772121690565,,,,,30000,zah62sdt,sweet-sweep-2,baseline_full
115474.944766331,1788148825.0063071,0.05,4584460.0,0.00896063819527626,1763,,,,0.0003,,0.07183180393738162,,,,,30000,zah62sdt,sweet-sweep-2,baseline_full
115964.596601091,1788149314.6527045,0.05,4603908.0,0.0058930404484272,1771,,,,0.0003,,0.06515212526118924,,,,,30000,zah62sdt,sweet-sweep-2,baseline_full
116057.563562571,1788149407.6305172,0.05,4607640.0,0.006525490898638964,1771,,,,0.0003,,0.059780738748186776,,,,,30000,zah62sdt,sweet-sweep-2,baseline_full
116160.290379226,1788149510.3413262,0.05,4611704.0,0.012339245527982712,1772,,,,0.0003,,0.09558018555284249,,,,,30000,zah62sdt,sweet-sweep-2,baseline_full
116535.195300243,1788149885.2518492,0.05,4626520.0,0.011504437774419785,1780,,,,0.0003,,0.1138574081668884,,,,,30000,zah62sdt,sweet-sweep-2,baseline_full
119200.312911233,1788152550.3622756,0.05,4732248.0,0.00802590325474739,1821,,,,0.0003,,0.0760174494322309,,,,,30000,zah62sdt,sweet-sweep-2,baseline_full
119263.769103007,1788152613.8250794,0.05,4734756.0,0.013416123576462269,1822,,,,0.0003,,0.13941519058409782,,,,,30000,zah62sdt,sweet-sweep-2,baseline_full
119366.612383754,1788152716.6693695,0.05,4738840.0,0.01480275858193636,1824,,,,0.0003,,0.09396804934997884,,,,,30000,zah62sdt,sweet-sweep-2,baseline_full
120086.42983355,1788153436.4870005,0.05,4767292.0,0.010191572830080986,1836,,,,0.0003,,0.07219980258405526,,,,,30000,zah62sdt,sweet-sweep-2,baseline_full
120631.20937274,1788153981.2721028,0.05,4788932.0,0.013040437363088131,1845,,,,0.0003,,0.10124864018300579,,,,,30000,zah62sdt,sweet-sweep-2,baseline_full
121015.520220515,1788154365.580326,0.05,4804176.0,0.0231783464550972,1849,,,,0.0003,,0.18075295254266396,,,,,30000,zah62sdt,sweet-sweep-2,baseline_full
123205.750450757,1788156555.8037558,0.05,4891132.0,0.01403425820171833,1885,,,,0.0003,,0.15194570826818726,,,,,30000,zah62sdt,sweet-sweep-2,baseline_full
123422.022124926,1788156772.0828986,0.05,4899736.0,0.009774083271622658,1888,,,,0.0003,,0.05784641966712192,,,,,30000,zah62sdt,sweet-sweep-2,baseline_full
123796.589606617,1788157146.6501293,0.05,4914580.0,0.008645203895866871,1894,,,,0.0003,,0.07314666531865696,,,,,30000,zah62sdt,sweet-sweep-2,baseline_full
123852.824477153,1788157202.876543,0.05,4916852.0,0.005943557247519493,1895,,,,0.0003,,0.053331269027546174,,,,,30000,zah62sdt,sweet-sweep-2,baseline_full
124038.045603122,1788157388.0989387,0.05,4924156.0,0.00811681617051363,1897,,,,0.0003,,0.0870632731013633,,,,,30000,zah62sdt,sweet-sweep-2,baseline_full
124777.265206233,1788158127.3245094,0.05,4953472.0,0.009644858539104462,1908,,,,0.0003,,0.08445731264375302,,,,,30000,zah62sdt,sweet-sweep-2,baseline_full
125791.007903307,1788159141.0656812,0.05,4993564.0,0.018671702593564987,1924,,,,0.0003,,0.1347481886589727,,,,,30000,zah62sdt,sweet-sweep-2,baseline_full
126048.55093002,1788159398.6095314,0.05,5003812.0,0.00942162238061428,1928,,,,0.0003,,0.0951743494757254,,,,,30000,zah62sdt,sweet-sweep-2,baseline_full
126370.626143528,1788159720.6770246,0.05,5016552.0,0.010668851435184479,1932,,,,0.0003,,0.09637720057736973,,,,,30000,zah62sdt,sweet-sweep-2,baseline_full
126384.883793241,1788159734.9338806,0.05,5017144.0,0.007573599927127361,1932,,,,0.0003,,0.06090331801437604,,,,,30000,zah62sdt,sweet-sweep-2,baseline_full
126408.263593133,1788159758.3159096,0.05,5018084.0,0.011860238388180733,1933,,,,0.0003,,0.13504206851095502,,,,,30000,zah62sdt,sweet-sweep-2,baseline_full
128994.026889417,1788162344.08505,0.05,5120640.0,0.008232071064412594,1972,,,,0.0003,,0.08203912074467337,,,,,30000,zah62sdt,sweet-sweep-2,baseline_full
129434.534570229,1788162784.594917,0.05,5138248.0,0.011260097846388817,1978,,,,0.0003,,0.12501890903558815,,,,,30000,zah62sdt,sweet-sweep-2,baseline_full
129668.825645713,1788163018.894596,0.05,5147580.0,0.011230023577809334,1981,,,,0.0003,,0.09655986742717027,,,,,30000,zah62sdt,sweet-sweep-2,baseline_full
130667.582101412,1788164017.6620202,0.05,5189252.0,0.010475906543433666,1996,,,,0.0003,,0.07238965447859395,,,,,30000,zah62sdt,sweet-sweep-2,baseline_full
131030.984306425,1788164381.0424995,0.05,5204396.0,0.008583522401750088,2001,,,,0.0003,,0.07950613737691808,,,,,30000,zah62sdt,sweet-sweep-2,baseline_full
132318.436642683,1788165668.503356,0.05,5258336.0,0.007747510448098183,2018,,,,0.0003,,0.07107963517671187,,,,,30000,zah62sdt,sweet-sweep-2,baseline_full
132858.778774506,1788166208.8316865,0.05,5280852.0,0.006816545035690069,2027,,,,0.0003,,0.07079735515360536,,,,,30000,zah62sdt,sweet-sweep-2,baseline_full
133504.479113449,1788166854.5450764,0.05,5307824.0,0.011944180354475975,2036,,,,0.0003,,0.14600577992264144,,,,,30000,zah62sdt,sweet-sweep-2,baseline_full
134418.43469025,1788167768.49342,0.05,5348012.0,0.015935061499476433,2050,,,,0.0003,,0.09809844883153054,,,,,30000,zah62sdt,sweet-sweep-2,baseline_full
135535.753349583,1788168885.8248844,0.05,5399052.0,0.008603200316429138,2067,,,,0.0003,,0.07990685007059362,,,,,30000,zah62sdt,sweet-sweep-2,baseline_full
136267.901818659,1788169617.9891682,0.05,5432564.0,0.012000665999948978,2078,,,,0.0003,,0.12270281521382101,,,,,30000,zah62sdt,sweet-sweep-2,baseline_full
137698.780730495,1788171048.8511856,0.05,5498180.0,0.009251479059457779,2104,,,,0.0003,,0.07833928152715615,,,,,30000,zah62sdt,sweet-sweep-2,baseline_full
137870.853777594,1788171220.930798,0.05,5506072.0,0.013170583173632622,2107,,,,0.0003,,0.089643401710405,,,,,30000,zah62sdt,sweet-sweep-2,baseline_full
138264.728703199,1788171614.8003712,0.05,5524172.0,0.009581994265317917,2114,,,,0.0003,,0.08300924654025765,,,,,30000,zah62sdt,sweet-sweep-2,baseline_full
138632.288958931,1788171982.3774376,0.05,5541084.0,0.017113856971263885,2120,,,,0.0003,,0.12905235879376467,,,,,30000,zah62sdt,sweet-sweep-2,baseline_full
139330.702269324,1788172680.7650301,0.05,5573180.0,0.014077534899115562,2131,,,,0.0003,,0.12938066012664326,,,,,30000,zah62sdt,sweet-sweep-2,baseline_full
139942.530856632,1788173292.596282,0.05,5601324.0,0.018239110708236694,2144,,,,0.0003,,0.12994500829863412,,,,,30000,zah62sdt,sweet-sweep-2,baseline_full
140791.605716068,1788174141.6823657,0.05,5640368.0,0.01406879723072052,2160,,,,0.0003,,0.14912763811988433,,,,,30000,zah62sdt,sweet-sweep-2,baseline_full
